Health,NeighNum,DistFood,DistSafe,DistFox,Seek Food,Eat
0,0,0,0,0,0,0
0,0,0,0,1,0,0
0,0,0,0,2,0,0
0,0,0,0,3,0,0
0,0,0,1,0,0,0
0,0,0,1,1,0,0
0,0,0,1,2,0,0
0,0,0,1,3,0,0
0,0,0,2,0,0,0
0,0,0,2,1,0,0
0,0,0,2,2,0,0
0,0,0,2,3,0,0
0,0,0,3,0,0,0
0,0,0,3,1,0,0
0,0,0,3,2,0,0
0,0,0,3,3,0,0
0,0,1,0,0,0,0
0,0,1,0,1,0,0
0,0,1,0,2,0,0
0,0,1,0,3,0,0
0,0,1,1,0,0,0
0,0,1,1,1,0,0
0,0,1,1,2,0,0
0,0,1,1,3,0,0
0,0,1,2,0,0,0
0,0,1,2,1,0,0
0,0,1,2,2,0,0
0,0,1,2,3,0,0
0,0,1,3,0,0,0
0,0,1,3,1,0,0
0,0,1,3,2,0,0
0,0,1,3,3,0,0
0,0,2,0,0,0,0
0,0,2,0,1,0,0
0,0,2,0,2,0,0
0,0,2,0,3,0,0
0,0,2,1,0,0,0
0,0,2,1,1,0,0
0,0,2,1,2,0,0
0,0,2,1,3,0,0
0,0,2,2,0,0,0
0,0,2,2,1,0,0
0,0,2,2,2,0,0
0,0,2,2,3,0,0
0,0,2,3,0,0,0
0,0,2,3,1,0,0
0,0,2,3,2,0,0
0,0,2,3,3,0,0
0,0,3,0,0,0,0
0,0,3,0,1,0,0
0,0,3,0,2,0,0
0,0,3,0,3,0,0
0,0,3,1,0,0,0
0,0,3,1,1,0,0
0,0,3,1,2,0,0
0,0,3,1,3,0,0
0,0,3,2,0,0,0
0,0,3,2,1,0,0
0,0,3,2,2,0,0
0,0,3,2,3,0,0
0,0,3,3,0,0,0
0,0,3,3,1,0,0
0,0,3,3,2,0,0
0,0,3,3,3,0,0
0,1,0,0,0,0,0
0,1,0,0,1,0,0
0,1,0,0,2,0,0
0,1,0,0,3,0,0
0,1,0,1,0,0,0
0,1,0,1,1,0,0
0,1,0,1,2,0,0
0,1,0,1,3,0,0
0,1,0,2,0,0,0
0,1,0,2,1,0,0
0,1,0,2,2,0,0
0,1,0,2,3,0,0
0,1,0,3,0,0,0
0,1,0,3,1,0,0
0,1,0,3,2,0,0
0,1,0,3,3,0,0
0,1,1,0,0,0,0
0,1,1,0,1,0,0
0,1,1,0,2,0,0
0,1,1,0,3,0,0
0,1,1,1,0,0,0
0,1,1,1,1,0,0
0,1,1,1,2,0,0
0,1,1,1,3,0,0
0,1,1,2,0,0,0
0,1,1,2,1,0,0
0,1,1,2,2,0,0
0,1,1,2,3,0,0
0,1,1,3,0,0,0
0,1,1,3,1,0,0
0,1,1,3,2,0,0
0,1,1,3,3,0,0
0,1,2,0,0,0,0
0,1,2,0,1,0,0
0,1,2,0,2,0,0
0,1,2,0,3,0,0
0,1,2,1,0,0,0
0,1,2,1,1,0,0
0,1,2,1,2,0,0
0,1,2,1,3,0,0
0,1,2,2,0,0,0
0,1,2,2,1,0,0
0,1,2,2,2,0,0
0,1,2,2,3,0,0
0,1,2,3,0,0,0
0,1,2,3,1,0,0
0,1,2,3,2,0,0
0,1,2,3,3,0,0
0,1,3,0,0,0,0
0,1,3,0,1,0,0
0,1,3,0,2,0,0
0,1,3,0,3,0,0
0,1,3,1,0,0,0
0,1,3,1,1,0,0
0,1,3,1,2,0,0
0,1,3,1,3,0,0
0,1,3,2,0,0,0
0,1,3,2,1,0,0
0,1,3,2,2,0,0
0,1,3,2,3,0,0
0,1,3,3,0,0,0
0,1,3,3,1,0,0
0,1,3,3,2,0,0
0,1,3,3,3,0,0
0,2,0,0,0,0,0
0,2,0,0,1,0,0
0,2,0,0,2,0,0
0,2,0,0,3,0,0
0,2,0,1,0,0,0
0,2,0,1,1,0,0
0,2,0,1,2,0,0
0,2,0,1,3,0,0
0,2,0,2,0,0,0
0,2,0,2,1,0,0
0,2,0,2,2,0,0
0,2,0,2,3,0,0
0,2,0,3,0,0,0
0,2,0,3,1,0,0
0,2,0,3,2,0,0
0,2,0,3,3,0,0
0,2,1,0,0,0,0
0,2,1,0,1,0,0
0,2,1,0,2,0,0
0,2,1,0,3,0,0
0,2,1,1,0,0,0
0,2,1,1,1,0,0
0,2,1,1,2,0,0
0,2,1,1,3,0,0
0,2,1,2,0,0,0
0,2,1,2,1,0,0
0,2,1,2,2,0,0
0,2,1,2,3,0,0
0,2,1,3,0,0,0
0,2,1,3,1,0,0
0,2,1,3,2,0,0
0,2,1,3,3,0,0
0,2,2,0,0,0,0
0,2,2,0,1,0,0
0,2,2,0,2,0,0
0,2,2,0,3,0,0
0,2,2,1,0,0,0
0,2,2,1,1,0,0
0,2,2,1,2,0,0
0,2,2,1,3,0,0
0,2,2,2,0,0,0
0,2,2,2,1,0,0
0,2,2,2,2,0,0
0,2,2,2,3,0,0
0,2,2,3,0,0,0
0,2,2,3,1,0,0
0,2,2,3,2,0,0
0,2,2,3,3,0,0
0,2,3,0,0,0,0
0,2,3,0,1,0,0
0,2,3,0,2,0,0
0,2,3,0,3,0,0
0,2,3,1,0,0,0
0,2,3,1,1,0,0
0,2,3,1,2,0,0
0,2,3,1,3,0,0
0,2,3,2,0,0,0
0,2,3,2,1,0,0
0,2,3,2,2,0,0
0,2,3,2,3,0,0
0,2,3,3,0,0,0
0,2,3,3,1,0,0
0,2,3,3,2,0,0
0,2,3,3,3,0,0
0,3,0,0,0,0,0
0,3,0,0,1,0,0
0,3,0,0,2,0,0
0,3,0,0,3,0,0
0,3,0,1,0,0,0
0,3,0,1,1,0,0
0,3,0,1,2,0,0
0,3,0,1,3,0,0
0,3,0,2,0,0,0
0,3,0,2,1,0,0
0,3,0,2,2,0,0
0,3,0,2,3,0,0
0,3,0,3,0,0,0
0,3,0,3,1,0,0
0,3,0,3,2,0,0
0,3,0,3,3,0,0
0,3,1,0,0,0,0
0,3,1,0,1,0,0
0,3,1,0,2,0,0
0,3,1,0,3,0,0
0,3,1,1,0,0,0
0,3,1,1,1,0,0
0,3,1,1,2,0,0
0,3,1,1,3,0,0
0,3,1,2,0,0,0
0,3,1,2,1,0,0
0,3,1,2,2,0,0
0,3,1,2,3,0,0
0,3,1,3,0,0,0
0,3,1,3,1,0,0
0,3,1,3,2,0,0
0,3,1,3,3,0,0
0,3,2,0,0,0,0
0,3,2,0,1,0,0
0,3,2,0,2,0,0
0,3,2,0,3,0,0
0,3,2,1,0,0,0
0,3,2,1,1,0,0
0,3,2,1,2,0,0
0,3,2,1,3,0,0
0,3,2,2,0,0,0
0,3,2,2,1,0,0
0,3,2,2,2,0,0
0,3,2,2,3,0,0
0,3,2,3,0,0,0
0,3,2,3,1,0,0
0,3,2,3,2,0,0
0,3,2,3,3,0,0
0,3,3,0,0,0,0
0,3,3,0,1,0,0
0,3,3,0,2,0,0
0,3,3,0,3,0,0
0,3,3,1,0,0,0
0,3,3,1,1,0,0
0,3,3,1,2,0,0
0,3,3,1,3,0,0
0,3,3,2,0,0,0
0,3,3,2,1,0,0
0,3,3,2,2,0,0
0,3,3,2,3,0,0
0,3,3,3,0,0,0
0,3,3,3,1,0,0
0,3,3,3,2,0,0
0,3,3,3,3,0,0
1,0,0,0,0,0,0
1,0,0,0,1,0,0
1,0,0,0,2,0,0
1,0,0,0,3,0,0
1,0,0,1,0,0,0
1,0,0,1,1,0,0
1,0,0,1,2,0,0
1,0,0,1,3,0,0
1,0,0,2,0,0,0
1,0,0,2,1,0,0
1,0,0,2,2,0,0
1,0,0,2,3,0,0
1,0,0,3,0,-1.60188131113223,-1.60188131113223
1,0,0,3,1,-1.64423709701088,-1.64423709701088
1,0,0,3,2,106.470489807968,65.4400968020146
1,0,0,3,3,137.171041595492,194.862485552272
1,0,1,0,0,0,0
1,0,1,0,1,0,0
1,0,1,0,2,0,0
1,0,1,0,3,0,0
1,0,1,1,0,0,0
1,0,1,1,1,0,0
1,0,1,1,2,0,0
1,0,1,1,3,0,0
1,0,1,2,0,0,0
1,0,1,2,1,0,0
1,0,1,2,2,0,0
1,0,1,2,3,0,0
1,0,1,3,0,-1.63817400679153,-1.63817400679153
1,0,1,3,1,-1.64650655290515,-1.64650655290515
1,0,1,3,2,198.412269070397,144.761369074366
1,0,1,3,3,194.925370030221,130.815742545625
1,0,2,0,0,0,0
1,0,2,0,1,0,0
1,0,2,0,2,0,0
1,0,2,0,3,0,0
1,0,2,1,0,0,0
1,0,2,1,1,0,0
1,0,2,1,2,0,0
1,0,2,1,3,0,0
1,0,2,2,0,0,0
1,0,2,2,1,0,0
1,0,2,2,2,0,0
1,0,2,2,3,0,0
1,0,2,3,0,-1.61884460421309,-1.61884460421309
1,0,2,3,1,-1.63752191095935,-1.63752191095935
1,0,2,3,2,-1.50646951069885,-1.50646951069885
1,0,2,3,3,-0.64613396971297,-0.64613396971297
1,0,3,0,0,0,0
1,0,3,0,1,-1.22488296086733,-1.22488296086733
1,0,3,0,2,-0.79589671261927,-0.79589671261927
1,0,3,0,3,-0.843881857869352,-0.843881857869352
1,0,3,1,0,-1.25587163752507,-1.25587163752507
1,0,3,1,1,-1.33201653545624,-1.33201653545624
1,0,3,1,2,-0.995116847246419,-0.995116847246419
1,0,3,1,3,-0.64650528439323,-0.64650528439323
1,0,3,2,0,-1.59855454709103,-1.59855454709103
1,0,3,2,1,-1.65358059915958,-1.65358059915958
1,0,3,2,2,-1.29261800439,-1.29261800439
1,0,3,2,3,0,0
1,0,3,3,0,-1.67122195227294,-1.67122195227294
1,0,3,3,1,-1.67287539167341,-1.67287539167341
1,0,3,3,2,-1.64513077958328,-1.64513077958328
1,0,3,3,3,-0.581057529896807,-0.581057529896807
1,1,0,0,0,0,0
1,1,0,0,1,0,0
1,1,0,0,2,0,0
1,1,0,0,3,0,0
1,1,0,1,0,0,0
1,1,0,1,1,0,0
1,1,0,1,2,0,0
1,1,0,1,3,0,0
1,1,0,2,0,0,0
1,1,0,2,1,0,0
1,1,0,2,2,0,0
1,1,0,2,3,0,0
1,1,0,3,0,0,0
1,1,0,3,1,-1.65030704378154,-1.65030704378154
1,1,0,3,2,-0.560747668891112,102.076574330282
1,1,0,3,3,33.9589044345167,91.1517286913671
1,1,1,0,0,0,0
1,1,1,0,1,0,0
1,1,1,0,2,0,0
1,1,1,0,3,0,0
1,1,1,1,0,0,0
1,1,1,1,1,0,0
1,1,1,1,2,0,0
1,1,1,1,3,0,0
1,1,1,2,0,0,0
1,1,1,2,1,0,0
1,1,1,2,2,0,0
1,1,1,2,3,0,0
1,1,1,3,0,-1.48406191378813,-1.48406191378813
1,1,1,3,1,-1.61153212182412,-1.61153212182412
1,1,1,3,2,128.858826390501,114.291466337875
1,1,1,3,3,119.629776731924,129.626650456553
1,1,2,0,0,0,0
1,1,2,0,1,0,0
1,1,2,0,2,0,0
1,1,2,0,3,0,0
1,1,2,1,0,0,0
1,1,2,1,1,0,0
1,1,2,1,2,0,0
1,1,2,1,3,0,0
1,1,2,2,0,0,0
1,1,2,2,1,0,0
1,1,2,2,2,0,0
1,1,2,2,3,0,0
1,1,2,3,0,-1.52477746840725,-1.52477746840725
1,1,2,3,1,-1.63939427316768,-1.63939427316768
1,1,2,3,2,-1.26317689964568,-1.26317689964568
1,1,2,3,3,-0.747756733005973,-0.747756733005973
1,1,3,0,0,0,0
1,1,3,0,1,0,0
1,1,3,0,2,0,0
1,1,3,0,3,0,0
1,1,3,1,0,0,0
1,1,3,1,1,-0.617283955515781,-0.617283955515781
1,1,3,1,2,-1.26603549885989,-1.26603549885989
1,1,3,1,3,-1.21509720654494,-1.21509720654494
1,1,3,2,0,0,0
1,1,3,2,1,-0.606264740599782,-0.606264740599782
1,1,3,2,2,0,0
1,1,3,2,3,0,0
1,1,3,3,0,-1.62309635727122,-1.62309635727122
1,1,3,3,1,-1.67255232477312,-1.67255232477312
1,1,3,3,2,-1.65366408656297,-1.65366408656297
1,1,3,3,3,-1.36564135158102,-1.36564135158102
1,2,0,0,0,0,0
1,2,0,0,1,0,0
1,2,0,0,2,0,0
1,2,0,0,3,0,0
1,2,0,1,0,0,0
1,2,0,1,1,0,0
1,2,0,1,2,0,0
1,2,0,1,3,0,0
1,2,0,2,0,0,0
1,2,0,2,1,0,0
1,2,0,2,2,0,0
1,2,0,2,3,0,0
1,2,0,3,0,0,0
1,2,0,3,1,-1.64959349109502,-1.64959349109502
1,2,0,3,2,-0.617495716731841,61.7495716731841
1,2,0,3,3,0,0
1,2,1,0,0,0,0
1,2,1,0,1,0,0
1,2,1,0,2,0,0
1,2,1,0,3,0,0
1,2,1,1,0,0,0
1,2,1,1,1,0,0
1,2,1,1,2,0,0
1,2,1,1,3,0,0
1,2,1,2,0,0,0
1,2,1,2,1,0,0
1,2,1,2,2,0,0
1,2,1,2,3,0,0
1,2,1,3,0,-0.617326296138925,-0.617326296138925
1,2,1,3,1,-1.61314418383456,-1.61314418383456
1,2,1,3,2,180.074294236216,29.5039993997059
1,2,1,3,3,0,0
1,2,2,0,0,0,0
1,2,2,0,1,0,0
1,2,2,0,2,0,0
1,2,2,0,3,0,0
1,2,2,1,0,0,0
1,2,2,1,1,0,0
1,2,2,1,2,0,0
1,2,2,1,3,0,0
1,2,2,2,0,0,0
1,2,2,2,1,0,0
1,2,2,2,2,0,0
1,2,2,2,3,0,0
1,2,2,3,0,0,0
1,2,2,3,1,-1.5978304384632,-1.5978304384632
1,2,2,3,2,0,0
1,2,2,3,3,0,0
1,2,3,0,0,0,0
1,2,3,0,1,0,0
1,2,3,0,2,0,0
1,2,3,0,3,0,0
1,2,3,1,0,0,0
1,2,3,1,1,0,0
1,2,3,1,2,-0.720634161687215,-0.720634161687215
1,2,3,1,3,0,0
1,2,3,2,0,0,0
1,2,3,2,1,0,0
1,2,3,2,2,0,0
1,2,3,2,3,0,0
1,2,3,3,0,-1.62261655478574,-1.62261655478574
1,2,3,3,1,-1.61871088644047,-1.61871088644047
1,2,3,3,2,-1.56062836358512,-1.56062836358512
1,2,3,3,3,-0.585442013885646,-0.585442013885646
1,3,0,0,0,0,0
1,3,0,0,1,0,0
1,3,0,0,2,0,0
1,3,0,0,3,0,0
1,3,0,1,0,0,0
1,3,0,1,1,0,0
1,3,0,1,2,0,0
1,3,0,1,3,0,0
1,3,0,2,0,0,0
1,3,0,2,1,0,0
1,3,0,2,2,0,0
1,3,0,2,3,0,0
1,3,0,3,0,0,0
1,3,0,3,1,0,0
1,3,0,3,2,0,0
1,3,0,3,3,0,0
1,3,1,0,0,0,0
1,3,1,0,1,0,0
1,3,1,0,2,0,0
1,3,1,0,3,0,0
1,3,1,1,0,0,0
1,3,1,1,1,0,0
1,3,1,1,2,0,0
1,3,1,1,3,0,0
1,3,1,2,0,0,0
1,3,1,2,1,0,0
1,3,1,2,2,0,0
1,3,1,2,3,0,0
1,3,1,3,0,-0.841987090902357,-0.841987090902357
1,3,1,3,1,-1.14075270626911,-1.14075270626911
1,3,1,3,2,0,0
1,3,1,3,3,0,0
1,3,2,0,0,0,0
1,3,2,0,1,0,0
1,3,2,0,2,0,0
1,3,2,0,3,0,0
1,3,2,1,0,0,0
1,3,2,1,1,0,0
1,3,2,1,2,0,0
1,3,2,1,3,0,0
1,3,2,2,0,0,0
1,3,2,2,1,0,0
1,3,2,2,2,0,0
1,3,2,2,3,0,0
1,3,2,3,0,0,0
1,3,2,3,1,0,0
1,3,2,3,2,0,0
1,3,2,3,3,0,0
1,3,3,0,0,0,0
1,3,3,0,1,0,0
1,3,3,0,2,0,0
1,3,3,0,3,0,0
1,3,3,1,0,0,0
1,3,3,1,1,0,0
1,3,3,1,2,0,0
1,3,3,1,3,0,0
1,3,3,2,0,0,0
1,3,3,2,1,0,0
1,3,3,2,2,0,0
1,3,3,2,3,0,0
1,3,3,3,0,0,0
1,3,3,3,1,0,0
1,3,3,3,2,0,0
1,3,3,3,3,0,0
2,0,0,0,0,0,0
2,0,0,0,1,0,0
2,0,0,0,2,0,0
2,0,0,0,3,0,0
2,0,0,1,0,0,0
2,0,0,1,1,0,0
2,0,0,1,2,0,0
2,0,0,1,3,0,0
2,0,0,2,0,0,0
2,0,0,2,1,0,0
2,0,0,2,2,0,0
2,0,0,2,3,0,0
2,0,0,3,0,-0.797518832599816,-0.797518832599816
2,0,0,3,1,-0.657222145562352,0
2,0,0,3,2,-0.719079581791654,-0.719079581791654
2,0,0,3,3,-1.38702357908802,-1.23850913612853
2,0,1,0,0,0,0
2,0,1,0,1,0,0
2,0,1,0,2,0,0
2,0,1,0,3,0,0
2,0,1,1,0,0,0
2,0,1,1,1,0,0
2,0,1,1,2,0,0
2,0,1,1,3,0,0
2,0,1,2,0,0,0
2,0,1,2,1,0,0
2,0,1,2,2,0,0
2,0,1,2,3,0,0
2,0,1,3,0,-1.58664947690887,-1.58664947690887
2,0,1,3,1,-0.835577013858937,-0.835577013858937
2,0,1,3,2,0,0
2,0,1,3,3,0,0
2,0,2,0,0,0,0
2,0,2,0,1,0,0
2,0,2,0,2,0,0
2,0,2,0,3,0,0
2,0,2,1,0,0,0
2,0,2,1,1,0,0
2,0,2,1,2,0,0
2,0,2,1,3,0,0
2,0,2,2,0,0,0
2,0,2,2,1,0,0
2,0,2,2,2,0,0
2,0,2,2,3,0,0
2,0,2,3,0,-1.57492762318278,-1.57492762318278
2,0,2,3,1,-1.3954526291389,-1.3954526291389
2,0,2,3,2,0,0
2,0,2,3,3,0,0
2,0,3,0,0,0,0
2,0,3,0,1,0,0
2,0,3,0,2,0,0
2,0,3,0,3,0,0
2,0,3,1,0,-1.55690634623462,-1.55690634623462
2,0,3,1,1,-0.998388943020644,-0.998388943020644
2,0,3,1,2,0,0
2,0,3,1,3,0,0
2,0,3,2,0,-1.50747694343429,-1.50747694343429
2,0,3,2,1,-1.24622643149624,-1.24622643149624
2,0,3,2,2,0,0
2,0,3,2,3,0,0
2,0,3,3,0,-1.66682956674706,-1.66682956674706
2,0,3,3,1,-1.58155047379053,-1.58155047379053
2,0,3,3,2,0,0
2,0,3,3,3,-0.56207844650051,-0.56207844650051
2,1,0,0,0,0,0
2,1,0,0,1,0,0
2,1,0,0,2,0,0
2,1,0,0,3,0,0
2,1,0,1,0,0,0
2,1,0,1,1,0,0
2,1,0,1,2,0,0
2,1,0,1,3,0,0
2,1,0,2,0,0,0
2,1,0,2,1,0,0
2,1,0,2,2,0,0
2,1,0,2,3,0,0
2,1,0,3,0,0,0
2,1,0,3,1,0,0
2,1,0,3,2,0,0
2,1,0,3,3,-0.775060285184501,-0.775060285184501
2,1,1,0,0,0,0
2,1,1,0,1,0,0
2,1,1,0,2,0,0
2,1,1,0,3,0,0
2,1,1,1,0,0,0
2,1,1,1,1,0,0
2,1,1,1,2,0,0
2,1,1,1,3,0,0
2,1,1,2,0,0,0
2,1,1,2,1,0,0
2,1,1,2,2,0,0
2,1,1,2,3,0,0
2,1,1,3,0,-1.53178558580119,-1.53178558580119
2,1,1,3,1,-1.11836597359495,-1.11836597359495
2,1,1,3,2,0,0
2,1,1,3,3,83.5654597609565,-0.835654597609565
2,1,2,0,0,0,0
2,1,2,0,1,0,0
2,1,2,0,2,0,0
2,1,2,0,3,0,0
2,1,2,1,0,0,0
2,1,2,1,1,0,0
2,1,2,1,2,0,0
2,1,2,1,3,0,0
2,1,2,2,0,0,0
2,1,2,2,1,0,0
2,1,2,2,2,0,0
2,1,2,2,3,0,0
2,1,2,3,0,-1.57691582325547,-1.57691582325547
2,1,2,3,1,-0.644329901531193,-0.644329901531193
2,1,2,3,2,0,0
2,1,2,3,3,-1.15087515534813,-1.15087515534813
2,1,3,0,0,0,0
2,1,3,0,1,0,0
2,1,3,0,2,0,0
2,1,3,0,3,0,0
2,1,3,1,0,-0.732183537454768,-0.732183537454768
2,1,3,1,1,-0.945431653501217,-0.945431653501217
2,1,3,1,2,0,0
2,1,3,1,3,-0.634070738845948,-0.634070738845948
2,1,3,2,0,-1.25553176813019,-1.25553176813019
2,1,3,2,1,0,0
2,1,3,2,2,0,0
2,1,3,2,3,0,0
2,1,3,3,0,-1.64379498134196,-1.64379498134196
2,1,3,3,1,-1.52811011050935,-1.52811011050935
2,1,3,3,2,0,0
2,1,3,3,3,-1.34751516247264,-1.34751516247264
2,2,0,0,0,0,0
2,2,0,0,1,0,0
2,2,0,0,2,0,0
2,2,0,0,3,0,0
2,2,0,1,0,0,0
2,2,0,1,1,0,0
2,2,0,1,2,0,0
2,2,0,1,3,0,0
2,2,0,2,0,0,0
2,2,0,2,1,0,0
2,2,0,2,2,0,0
2,2,0,2,3,0,0
2,2,0,3,0,0,0
2,2,0,3,1,0,0
2,2,0,3,2,-0.61745335286617,-0.61745335286617
2,2,0,3,3,0,0
2,2,1,0,0,0,0
2,2,1,0,1,0,0
2,2,1,0,2,0,0
2,2,1,0,3,0,0
2,2,1,1,0,0,0
2,2,1,1,1,0,0
2,2,1,1,2,0,0
2,2,1,1,3,0,0
2,2,1,2,0,0,0
2,2,1,2,1,0,0
2,2,1,2,2,0,0
2,2,1,2,3,0,0
2,2,1,3,0,-1.05518803008736,-1.05518803008736
2,2,1,3,1,-0.774993544439791,-0.774993544439791
2,2,1,3,2,61.3062532158119,0
2,2,1,3,3,0,0
2,2,2,0,0,0,0
2,2,2,0,1,0,0
2,2,2,0,2,0,0
2,2,2,0,3,0,0
2,2,2,1,0,0,0
2,2,2,1,1,0,0
2,2,2,1,2,0,0
2,2,2,1,3,0,0
2,2,2,2,0,0,0
2,2,2,2,1,0,0
2,2,2,2,2,0,0
2,2,2,2,3,0,0
2,2,2,3,0,-0.560607953515488,-0.560607953515488
2,2,2,3,1,0,0
2,2,2,3,2,0,0
2,2,2,3,3,0,0
2,2,3,0,0,0,0
2,2,3,0,1,0,0
2,2,3,0,2,0,0
2,2,3,0,3,0,0
2,2,3,1,0,0,0
2,2,3,1,1,0,0
2,2,3,1,2,0,0
2,2,3,1,3,0,0
2,2,3,2,0,0,0
2,2,3,2,1,0,0
2,2,3,2,2,0,0
2,2,3,2,3,-0.634026070249431,-0.634026070249431
2,2,3,3,0,-1.58249573116879,-1.58249573116879
2,2,3,3,1,-0.657174155629279,-0.657174155629279
2,2,3,3,2,0,0
2,2,3,3,3,0,0
2,3,0,0,0,0,0
2,3,0,0,1,0,0
2,3,0,0,2,0,0
2,3,0,0,3,0,0
2,3,0,1,0,0,0
2,3,0,1,1,0,0
2,3,0,1,2,0,0
2,3,0,1,3,0,0
2,3,0,2,0,0,0
2,3,0,2,1,0,0
2,3,0,2,2,0,0
2,3,0,2,3,0,0
2,3,0,3,0,0,0
2,3,0,3,1,0,0
2,3,0,3,2,0,0
2,3,0,3,3,0,0
2,3,1,0,0,0,0
2,3,1,0,1,0,0
2,3,1,0,2,0,0
2,3,1,0,3,0,0
2,3,1,1,0,0,0
2,3,1,1,1,0,0
2,3,1,1,2,0,0
2,3,1,1,3,0,0
2,3,1,2,0,0,0
2,3,1,2,1,0,0
2,3,1,2,2,0,0
2,3,1,2,3,0,0
2,3,1,3,0,-0.591871634738904,-0.591871634738904
2,3,1,3,1,0,0
2,3,1,3,2,0,0
2,3,1,3,3,0,0
2,3,2,0,0,0,0
2,3,2,0,1,0,0
2,3,2,0,2,0,0
2,3,2,0,3,0,0
2,3,2,1,0,0,0
2,3,2,1,1,0,0
2,3,2,1,2,0,0
2,3,2,1,3,0,0
2,3,2,2,0,0,0
2,3,2,2,1,0,0
2,3,2,2,2,0,0
2,3,2,2,3,0,0
2,3,2,3,0,0,0
2,3,2,3,1,0,0
2,3,2,3,2,0,0
2,3,2,3,3,0,0
2,3,3,0,0,0,0
2,3,3,0,1,0,0
2,3,3,0,2,0,0
2,3,3,0,3,0,0
2,3,3,1,0,0,0
2,3,3,1,1,0,0
2,3,3,1,2,0,0
2,3,3,1,3,0,0
2,3,3,2,0,0,0
2,3,3,2,1,0,0
2,3,3,2,2,0,0
2,3,3,2,3,0,0
2,3,3,3,0,0,0
2,3,3,3,1,0,0
2,3,3,3,2,0,0
2,3,3,3,3,0,0
3,0,0,0,0,0,0
3,0,0,0,1,0,0
3,0,0,0,2,0,0
3,0,0,0,3,0,0
3,0,0,1,0,0,0
3,0,0,1,1,0,0
3,0,0,1,2,0,0
3,0,0,1,3,0,0
3,0,0,2,0,0,0
3,0,0,2,1,0,0
3,0,0,2,2,0,0
3,0,0,2,3,0,0
3,0,0,3,0,0,0
3,0,0,3,1,0,0
3,0,0,3,2,-1.3175868885228,-1.14473233728534
3,0,0,3,3,-1.60314374834893,-1.59251858940231
3,0,1,0,0,0,0
3,0,1,0,1,0,0
3,0,1,0,2,0,0
3,0,1,0,3,0,0
3,0,1,1,0,0,0
3,0,1,1,1,0,0
3,0,1,1,2,0,0
3,0,1,1,3,0,0
3,0,1,2,0,0,0
3,0,1,2,1,0,0
3,0,1,2,2,0,0
3,0,1,2,3,0,0
3,0,1,3,0,-1.38258478297041,-1.38258478297041
3,0,1,3,1,-1.62177691144203,-1.62177691144203
3,0,1,3,2,-0.979838790249769,-0.979838790249769
3,0,1,3,3,-1.17657062710084,-1.17657062710084
3,0,2,0,0,0,0
3,0,2,0,1,0,0
3,0,2,0,2,0,0
3,0,2,0,3,0,0
3,0,2,1,0,0,0
3,0,2,1,1,0,0
3,0,2,1,2,0,0
3,0,2,1,3,0,0
3,0,2,2,0,0,0
3,0,2,2,1,0,0
3,0,2,2,2,0,0
3,0,2,2,3,0,0
3,0,2,3,0,-1.44996960461475,-1.44996960461475
3,0,2,3,1,-1.54266704253592,-1.54266704253592
3,0,2,3,2,0,0
3,0,2,3,3,-1.24177068530291,-1.24177068530291
3,0,3,0,0,0,0
3,0,3,0,1,0,0
3,0,3,0,2,0,0
3,0,3,0,3,0,0
3,0,3,1,0,-1.30007632721864,-1.30007632721864
3,0,3,1,1,-1.52181263394289,-1.52181263394289
3,0,3,1,2,-1.20882606358497,-1.20882606358497
3,0,3,1,3,-0.70615928199045,-0.70615928199045
3,0,3,2,0,-1.54285336348623,-1.54285336348623
3,0,3,2,1,-1.55702616983388,-1.55702616983388
3,0,3,2,2,-0.634204782407549,-0.634204782407549
3,0,3,2,3,-1.13939165158464,-1.13939165158464
3,0,3,3,0,-1.64108609635605,-1.64108609635605
3,0,3,3,1,-1.63793995770278,-1.63793995770278
3,0,3,3,2,-1.51990334272797,-1.51990334272797
3,0,3,3,3,-1.64529468908115,-1.64529468908115
3,1,0,0,0,0,0
3,1,0,0,1,0,0
3,1,0,0,2,0,0
3,1,0,0,3,0,0
3,1,0,1,0,0,0
3,1,0,1,1,0,0
3,1,0,1,2,0,0
3,1,0,1,3,0,0
3,1,0,2,0,0,0
3,1,0,2,1,0,0
3,1,0,2,2,0,0
3,1,0,2,3,0,0
3,1,0,3,0,0,0
3,1,0,3,1,0,0
3,1,0,3,2,0,0
3,1,0,3,3,-1.5584711894151,-1.45430443153729
3,1,1,0,0,0,0
3,1,1,0,1,0,0
3,1,1,0,2,0,0
3,1,1,0,3,0,0
3,1,1,1,0,0,0
3,1,1,1,1,0,0
3,1,1,1,2,0,0
3,1,1,1,3,0,0
3,1,1,2,0,0,0
3,1,1,2,1,0,0
3,1,1,2,2,0,0
3,1,1,2,3,0,0
3,1,1,3,0,-1.57483754795172,-1.57483754795172
3,1,1,3,1,-1.60977330541779,-1.60977330541779
3,1,1,3,2,-0.836042732573801,-0.836042732573801
3,1,1,3,3,-1.4288004335757,-1.4288004335757
3,1,2,0,0,0,0
3,1,2,0,1,0,0
3,1,2,0,2,0,0
3,1,2,0,3,0,0
3,1,2,1,0,0,0
3,1,2,1,1,0,0
3,1,2,1,2,0,0
3,1,2,1,3,0,0
3,1,2,2,0,0,0
3,1,2,2,1,0,0
3,1,2,2,2,0,0
3,1,2,2,3,0,0
3,1,2,3,0,-1.56087086058865,-1.56087086058865
3,1,2,3,1,-1.57109997611116,-1.57109997611116
3,1,2,3,2,-0.725455428348676,-0.725455428348676
3,1,2,3,3,-0.573833211068392,-0.573833211068392
3,1,3,0,0,0,0
3,1,3,0,1,0,0
3,1,3,0,2,0,0
3,1,3,0,3,0,0
3,1,3,1,0,0,0
3,1,3,1,1,0,0
3,1,3,1,2,0,0
3,1,3,1,3,-0.573906394744176,-0.573906394744176
3,1,3,2,0,-0.994261435148549,-0.994261435148549
3,1,3,2,1,0,0
3,1,3,2,2,0,0
3,1,3,2,3,0,0
3,1,3,3,0,-1.66015003033169,-1.66015003033169
3,1,3,3,1,-1.66640129964306,-1.66640129964306
3,1,3,3,2,-1.21845547140023,-1.21845547140023
3,1,3,3,3,-1.58322952100262,-1.58322952100262
3,2,0,0,0,0,0
3,2,0,0,1,0,0
3,2,0,0,2,0,0
3,2,0,0,3,0,0
3,2,0,1,0,0,0
3,2,0,1,1,0,0
3,2,0,1,2,0,0
3,2,0,1,3,0,0
3,2,0,2,0,0,0
3,2,0,2,1,0,0
3,2,0,2,2,0,0
3,2,0,2,3,0,0
3,2,0,3,0,0,0
3,2,0,3,1,0,0
3,2,0,3,2,0,0
3,2,0,3,3,0,0
3,2,1,0,0,0,0
3,2,1,0,1,0,0
3,2,1,0,2,0,0
3,2,1,0,3,0,0
3,2,1,1,0,0,0
3,2,1,1,1,0,0
3,2,1,1,2,0,0
3,2,1,1,3,0,0
3,2,1,2,0,0,0
3,2,1,2,1,0,0
3,2,1,2,2,0,0
3,2,1,2,3,0,0
3,2,1,3,0,-1.16643938502512,-1.16643938502512
3,2,1,3,1,-0.834337630164801,-0.834337630164801
3,2,1,3,2,0,0
3,2,1,3,3,0,0
3,2,2,0,0,0,0
3,2,2,0,1,0,0
3,2,2,0,2,0,0
3,2,2,0,3,0,0
3,2,2,1,0,0,0
3,2,2,1,1,0,0
3,2,2,1,2,0,0
3,2,2,1,3,0,0
3,2,2,2,0,0,0
3,2,2,2,1,0,0
3,2,2,2,2,0,0
3,2,2,2,3,0,0
3,2,2,3,0,0,0
3,2,2,3,1,-1.076315946909,-1.076315946909
3,2,2,3,2,-0.712138000273614,-0.712138000273614
3,2,2,3,3,-0.948202593105785,-0.948202593105785
3,2,3,0,0,0,0
3,2,3,0,1,0,0
3,2,3,0,2,0,0
3,2,3,0,3,0,0
3,2,3,1,0,-0.573869800573068,-0.573869800573068
3,2,3,1,1,-0.634115413736919,-0.634115413736919
3,2,3,1,2,0,0
3,2,3,1,3,0,0
3,2,3,2,0,-0.563309763100401,-0.563309763100401
3,2,3,2,1,0,0
3,2,3,2,2,0,0
3,2,3,2,3,0,0
3,2,3,3,0,-1.55821760652607,-1.55821760652607
3,2,3,3,1,-1.42670651507135,-1.42670651507135
3,2,3,3,2,-1.54613107425081,-1.54613107425081
3,2,3,3,3,-1.59551532161404,-1.59551532161404
3,3,0,0,0,0,0
3,3,0,0,1,0,0
3,3,0,0,2,0,0
3,3,0,0,3,0,0
3,3,0,1,0,0,0
3,3,0,1,1,0,0
3,3,0,1,2,0,0
3,3,0,1,3,0,0
3,3,0,2,0,0,0
3,3,0,2,1,0,0
3,3,0,2,2,0,0
3,3,0,2,3,0,0
3,3,0,3,0,0,0
3,3,0,3,1,0,0
3,3,0,3,2,0,0
3,3,0,3,3,0,0
3,3,1,0,0,0,0
3,3,1,0,1,0,0
3,3,1,0,2,0,0
3,3,1,0,3,0,0
3,3,1,1,0,0,0
3,3,1,1,1,0,0
3,3,1,1,2,0,0
3,3,1,1,3,0,0
3,3,1,2,0,0,0
3,3,1,2,1,0,0
3,3,1,2,2,0,0
3,3,1,2,3,0,0
3,3,1,3,0,0,0
3,3,1,3,1,0,0
3,3,1,3,2,0,0
3,3,1,3,3,0,0
3,3,2,0,0,0,0
3,3,2,0,1,0,0
3,3,2,0,2,0,0
3,3,2,0,3,0,0
3,3,2,1,0,0,0
3,3,2,1,1,0,0
3,3,2,1,2,0,0
3,3,2,1,3,0,0
3,3,2,2,0,0,0
3,3,2,2,1,0,0
3,3,2,2,2,0,0
3,3,2,2,3,0,0
3,3,2,3,0,0,0
3,3,2,3,1,0,0
3,3,2,3,2,0,0
3,3,2,3,3,0,0
3,3,3,0,0,0,0
3,3,3,0,1,0,0
3,3,3,0,2,0,0
3,3,3,0,3,0,0
3,3,3,1,0,0,0
3,3,3,1,1,0,0
3,3,3,1,2,0,0
3,3,3,1,3,0,0
3,3,3,2,0,0,0
3,3,3,2,1,0,0
3,3,3,2,2,0,0
3,3,3,2,3,0,0
3,3,3,3,0,0,0
3,3,3,3,1,0,0
3,3,3,3,2,0,0
3,3,3,3,3,0,0
