Health,NeighNum,DistFood,DistSafe,DistFox,Graze,Explore
0,0,0,0,0,0,0
0,0,0,0,1,0,0
0,0,0,0,2,0,0
0,0,0,0,3,0,0
0,0,0,1,0,0,0
0,0,0,1,1,0,0
0,0,0,1,2,0,0
0,0,0,1,3,0,0
0,0,0,2,0,0,0
0,0,0,2,1,0,0
0,0,0,2,2,0,0
0,0,0,2,3,0,0
0,0,0,3,0,0,0
0,0,0,3,1,0,0
0,0,0,3,2,0,0
0,0,0,3,3,0,0
0,0,1,0,0,0,0
0,0,1,0,1,0,0
0,0,1,0,2,0,0
0,0,1,0,3,0,0
0,0,1,1,0,0,0
0,0,1,1,1,0,0
0,0,1,1,2,0,0
0,0,1,1,3,0,0
0,0,1,2,0,0,0
0,0,1,2,1,0,0
0,0,1,2,2,0,0
0,0,1,2,3,0,0
0,0,1,3,0,0,0
0,0,1,3,1,0,0
0,0,1,3,2,0,0
0,0,1,3,3,0,0
0,0,2,0,0,0,0
0,0,2,0,1,0,0
0,0,2,0,2,0,0
0,0,2,0,3,0,0
0,0,2,1,0,0,0
0,0,2,1,1,0,0
0,0,2,1,2,0,0
0,0,2,1,3,0,0
0,0,2,2,0,0,0
0,0,2,2,1,0,0
0,0,2,2,2,0,0
0,0,2,2,3,0,0
0,0,2,3,0,0,0
0,0,2,3,1,0,0
0,0,2,3,2,0,0
0,0,2,3,3,0,0
0,0,3,0,0,0,0
0,0,3,0,1,0,0
0,0,3,0,2,0,0
0,0,3,0,3,0,0
0,0,3,1,0,0,0
0,0,3,1,1,0,0
0,0,3,1,2,0,0
0,0,3,1,3,0,0
0,0,3,2,0,0,0
0,0,3,2,1,0,0
0,0,3,2,2,0,0
0,0,3,2,3,0,0
0,0,3,3,0,0,0
0,0,3,3,1,0,0
0,0,3,3,2,0,0
0,0,3,3,3,0,0
0,1,0,0,0,0,0
0,1,0,0,1,0,0
0,1,0,0,2,0,0
0,1,0,0,3,0,0
0,1,0,1,0,0,0
0,1,0,1,1,0,0
0,1,0,1,2,0,0
0,1,0,1,3,0,0
0,1,0,2,0,0,0
0,1,0,2,1,0,0
0,1,0,2,2,0,0
0,1,0,2,3,0,0
0,1,0,3,0,0,0
0,1,0,3,1,0,0
0,1,0,3,2,0,0
0,1,0,3,3,0,0
0,1,1,0,0,0,0
0,1,1,0,1,0,0
0,1,1,0,2,0,0
0,1,1,0,3,0,0
0,1,1,1,0,0,0
0,1,1,1,1,0,0
0,1,1,1,2,0,0
0,1,1,1,3,0,0
0,1,1,2,0,0,0
0,1,1,2,1,0,0
0,1,1,2,2,0,0
0,1,1,2,3,0,0
0,1,1,3,0,0,0
0,1,1,3,1,0,0
0,1,1,3,2,0,0
0,1,1,3,3,0,0
0,1,2,0,0,0,0
0,1,2,0,1,0,0
0,1,2,0,2,0,0
0,1,2,0,3,0,0
0,1,2,1,0,0,0
0,1,2,1,1,0,0
0,1,2,1,2,0,0
0,1,2,1,3,0,0
0,1,2,2,0,0,0
0,1,2,2,1,0,0
0,1,2,2,2,0,0
0,1,2,2,3,0,0
0,1,2,3,0,0,0
0,1,2,3,1,0,0
0,1,2,3,2,0,0
0,1,2,3,3,0,0
0,1,3,0,0,0,0
0,1,3,0,1,0,0
0,1,3,0,2,0,0
0,1,3,0,3,0,0
0,1,3,1,0,0,0
0,1,3,1,1,0,0
0,1,3,1,2,0,0
0,1,3,1,3,0,0
0,1,3,2,0,0,0
0,1,3,2,1,0,0
0,1,3,2,2,0,0
0,1,3,2,3,0,0
0,1,3,3,0,0,0
0,1,3,3,1,0,0
0,1,3,3,2,0,0
0,1,3,3,3,0,0
0,2,0,0,0,0,0
0,2,0,0,1,0,0
0,2,0,0,2,0,0
0,2,0,0,3,0,0
0,2,0,1,0,0,0
0,2,0,1,1,0,0
0,2,0,1,2,0,0
0,2,0,1,3,0,0
0,2,0,2,0,0,0
0,2,0,2,1,0,0
0,2,0,2,2,0,0
0,2,0,2,3,0,0
0,2,0,3,0,0,0
0,2,0,3,1,0,0
0,2,0,3,2,0,0
0,2,0,3,3,0,0
0,2,1,0,0,0,0
0,2,1,0,1,0,0
0,2,1,0,2,0,0
0,2,1,0,3,0,0
0,2,1,1,0,0,0
0,2,1,1,1,0,0
0,2,1,1,2,0,0
0,2,1,1,3,0,0
0,2,1,2,0,0,0
0,2,1,2,1,0,0
0,2,1,2,2,0,0
0,2,1,2,3,0,0
0,2,1,3,0,0,0
0,2,1,3,1,0,0
0,2,1,3,2,0,0
0,2,1,3,3,0,0
0,2,2,0,0,0,0
0,2,2,0,1,0,0
0,2,2,0,2,0,0
0,2,2,0,3,0,0
0,2,2,1,0,0,0
0,2,2,1,1,0,0
0,2,2,1,2,0,0
0,2,2,1,3,0,0
0,2,2,2,0,0,0
0,2,2,2,1,0,0
0,2,2,2,2,0,0
0,2,2,2,3,0,0
0,2,2,3,0,0,0
0,2,2,3,1,0,0
0,2,2,3,2,0,0
0,2,2,3,3,0,0
0,2,3,0,0,0,0
0,2,3,0,1,0,0
0,2,3,0,2,0,0
0,2,3,0,3,0,0
0,2,3,1,0,0,0
0,2,3,1,1,0,0
0,2,3,1,2,0,0
0,2,3,1,3,0,0
0,2,3,2,0,0,0
0,2,3,2,1,0,0
0,2,3,2,2,0,0
0,2,3,2,3,0,0
0,2,3,3,0,0,0
0,2,3,3,1,0,0
0,2,3,3,2,0,0
0,2,3,3,3,0,0
0,3,0,0,0,0,0
0,3,0,0,1,0,0
0,3,0,0,2,0,0
0,3,0,0,3,0,0
0,3,0,1,0,0,0
0,3,0,1,1,0,0
0,3,0,1,2,0,0
0,3,0,1,3,0,0
0,3,0,2,0,0,0
0,3,0,2,1,0,0
0,3,0,2,2,0,0
0,3,0,2,3,0,0
0,3,0,3,0,0,0
0,3,0,3,1,0,0
0,3,0,3,2,0,0
0,3,0,3,3,0,0
0,3,1,0,0,0,0
0,3,1,0,1,0,0
0,3,1,0,2,0,0
0,3,1,0,3,0,0
0,3,1,1,0,0,0
0,3,1,1,1,0,0
0,3,1,1,2,0,0
0,3,1,1,3,0,0
0,3,1,2,0,0,0
0,3,1,2,1,0,0
0,3,1,2,2,0,0
0,3,1,2,3,0,0
0,3,1,3,0,0,0
0,3,1,3,1,0,0
0,3,1,3,2,0,0
0,3,1,3,3,0,0
0,3,2,0,0,0,0
0,3,2,0,1,0,0
0,3,2,0,2,0,0
0,3,2,0,3,0,0
0,3,2,1,0,0,0
0,3,2,1,1,0,0
0,3,2,1,2,0,0
0,3,2,1,3,0,0
0,3,2,2,0,0,0
0,3,2,2,1,0,0
0,3,2,2,2,0,0
0,3,2,2,3,0,0
0,3,2,3,0,0,0
0,3,2,3,1,0,0
0,3,2,3,2,0,0
0,3,2,3,3,0,0
0,3,3,0,0,0,0
0,3,3,0,1,0,0
0,3,3,0,2,0,0
0,3,3,0,3,0,0
0,3,3,1,0,0,0
0,3,3,1,1,0,0
0,3,3,1,2,0,0
0,3,3,1,3,0,0
0,3,3,2,0,0,0
0,3,3,2,1,0,0
0,3,3,2,2,0,0
0,3,3,2,3,0,0
0,3,3,3,0,0,0
0,3,3,3,1,0,0
0,3,3,3,2,0,0
0,3,3,3,3,0,0
1,0,0,0,0,0,0
1,0,0,0,1,0,0
1,0,0,0,2,0,0
1,0,0,0,3,0,0
1,0,0,1,0,0,0
1,0,0,1,1,0,0
1,0,0,1,2,0,0
1,0,0,1,3,0,0
1,0,0,2,0,0,0
1,0,0,2,1,0,0
1,0,0,2,2,0,0
1,0,0,2,3,0,0
1,0,0,3,0,-4.13032425480889,-4.1343875984829
1,0,0,3,1,-4.25375885730935,-4.25367594677059
1,0,0,3,2,68.5900319981882,11.6042326151593
1,0,0,3,3,108.043502183297,61.5910263144459
1,0,1,0,0,0,0
1,0,1,0,1,0,0
1,0,1,0,2,0,0
1,0,1,0,3,0,0
1,0,1,1,0,0,0
1,0,1,1,1,0,0
1,0,1,1,2,0,0
1,0,1,1,3,0,0
1,0,1,2,0,0,0
1,0,1,2,1,0,0
1,0,1,2,2,0,0
1,0,1,2,3,0,0
1,0,1,3,0,-3.84793470817029,-3.85834463955828
1,0,1,3,1,-4.18557569088148,-4.16950007282081
1,0,1,3,2,198.047814547688,110.866523447642
1,0,1,3,3,285.444958708169,169.889699780906
1,0,2,0,0,0,0
1,0,2,0,1,0,0
1,0,2,0,2,0,0
1,0,2,0,3,0,0
1,0,2,1,0,0,0
1,0,2,1,1,0,0
1,0,2,1,2,0,0
1,0,2,1,3,0,0
1,0,2,2,0,0,0
1,0,2,2,1,0,0
1,0,2,2,2,0,0
1,0,2,2,3,0,0
1,0,2,3,0,-4.04622172685169,-4.04424459463243
1,0,2,3,1,-4.22889936337982,-4.22871802073082
1,0,2,3,2,17.3914771549845,17.2548162897621
1,0,2,3,3,-0.64469914502109,103.421540499063
1,0,3,0,0,0,0
1,0,3,0,1,-3.34077210513038,-3.34077210513038
1,0,3,0,2,-2.0021093216516,-2.23366685076672
1,0,3,0,3,-1.78840188483529,-2.16564092059859
1,0,3,1,0,-1.25605308856042,-1.25605308856042
1,0,3,1,1,-2.85674620168534,-2.8533281046368
1,0,3,1,2,-3.00927815212096,30.4040610800067
1,0,3,1,3,-1.58770459592116,-1.83441803133719
1,0,3,2,0,-4.04647995166224,-4.04892525828177
1,0,3,2,1,-4.10275000938037,-4.10282627620012
1,0,3,2,2,-1.06490792058939,4.43162388858614
1,0,3,2,3,0,0
1,0,3,3,0,-4.29212198011324,-4.29215345500275
1,0,3,3,1,-4.30678265719985,-4.34857962943487
1,0,3,3,2,1.57195397716791,0.640197340440824
1,0,3,3,3,-2.49035082041194,-3.40597165689784
1,1,0,0,0,0,0
1,1,0,0,1,0,0
1,1,0,0,2,0,0
1,1,0,0,3,0,0
1,1,0,1,0,0,0
1,1,0,1,1,0,0
1,1,0,1,2,0,0
1,1,0,1,3,0,0
1,1,0,2,0,0,0
1,1,0,2,1,0,0
1,1,0,2,2,0,0
1,1,0,2,3,0,0
1,1,0,3,0,-3.39349118199864,-3.38772228156733
1,1,0,3,1,-3.98038005610677,-3.98038442167565
1,1,0,3,2,62.0460237262215,19.2716270987394
1,1,0,3,3,112.655452667476,9.76498838773829
1,1,1,0,0,0,0
1,1,1,0,1,0,0
1,1,1,0,2,0,0
1,1,1,0,3,0,0
1,1,1,1,0,0,0
1,1,1,1,1,0,0
1,1,1,1,2,0,0
1,1,1,1,3,0,0
1,1,1,2,0,0,0
1,1,1,2,1,0,0
1,1,1,2,2,0,0
1,1,1,2,3,0,0
1,1,1,3,0,-2.59109021706632,-2.60249510744389
1,1,1,3,1,-1.30658101168426,-1.24882259402771
1,1,1,3,2,251.574864250815,120.130150587823
1,1,1,3,3,256.436365020598,113.104555310131
1,1,2,0,0,0,0
1,1,2,0,1,0,0
1,1,2,0,2,0,0
1,1,2,0,3,0,0
1,1,2,1,0,0,0
1,1,2,1,1,0,0
1,1,2,1,2,0,0
1,1,2,1,3,0,0
1,1,2,2,0,0,0
1,1,2,2,1,0,0
1,1,2,2,2,0,0
1,1,2,2,3,0,0
1,1,2,3,0,-3.19498268807182,-3.2053361044104
1,1,2,3,1,-4.12701275731193,-4.12721823646645
1,1,2,3,2,5.87313228972405,81.8161329887772
1,1,2,3,3,-0.74694995756193,139.145860111937
1,1,3,0,0,0,0
1,1,3,0,1,0,0
1,1,3,0,2,0,0
1,1,3,0,3,0,0
1,1,3,1,0,-0.845433058565005,-0.845433058565005
1,1,3,1,1,-1.3379971133806,-1.33199356068887
1,1,3,1,2,-2.49340088517149,18.8826724479897
1,1,3,1,3,-1.21478583409746,-2.03618289990842
1,1,3,2,0,-3.20675896059042,-3.20675896059042
1,1,3,2,1,-3.48709563844874,-3.47698717554255
1,1,3,2,2,-1.321812302838,-1.6950829641978
1,1,3,2,3,0,0
1,1,3,3,0,-4.17792498417855,-4.19183869153315
1,1,3,3,1,-4.30720472595513,-4.36851247472186
1,1,3,3,2,3.3827223037249,2.24598027132407
1,1,3,3,3,-1.36674428796489,37.4946380271598
1,2,0,0,0,0,0
1,2,0,0,1,0,0
1,2,0,0,2,0,0
1,2,0,0,3,0,0
1,2,0,1,0,0,0
1,2,0,1,1,0,0
1,2,0,1,2,0,0
1,2,0,1,3,0,0
1,2,0,2,0,0,0
1,2,0,2,1,0,0
1,2,0,2,2,0,0
1,2,0,2,3,0,0
1,2,0,3,0,0,0
1,2,0,3,1,-1.90496803099505,24.6267294586602
1,2,0,3,2,114.922152426024,25.306672965158
1,2,0,3,3,0,0
1,2,1,0,0,0,0
1,2,1,0,1,0,0
1,2,1,0,2,0,0
1,2,1,0,3,0,0
1,2,1,1,0,0,0
1,2,1,1,1,0,0
1,2,1,1,2,0,0
1,2,1,1,3,0,0
1,2,1,2,0,0,0
1,2,1,2,1,0,0
1,2,1,2,2,0,0
1,2,1,2,3,0,0
1,2,1,3,0,-3.10607135853706,-3.10645024020818
1,2,1,3,1,-2.24176346868613,0.272730190382779
1,2,1,3,2,130.125296723736,-0.582448879123749
1,2,1,3,3,0,0
1,2,2,0,0,0,0
1,2,2,0,1,0,0
1,2,2,0,2,0,0
1,2,2,0,3,0,0
1,2,2,1,0,0,0
1,2,2,1,1,0,0
1,2,2,1,2,0,0
1,2,2,1,3,0,0
1,2,2,2,0,0,0
1,2,2,2,1,0,0
1,2,2,2,2,0,0
1,2,2,2,3,0,0
1,2,2,3,0,-3.18011446186646,-3.21018185727674
1,2,2,3,1,-3.60112375285979,-3.60110025610144
1,2,2,3,2,0,-0.74694995756193
1,2,2,3,3,0,0
1,2,3,0,0,0,0
1,2,3,0,1,0,0
1,2,3,0,2,0,0
1,2,3,0,3,0,0
1,2,3,1,0,0,0
1,2,3,1,1,0,0
1,2,3,1,2,-1.18251193803222,-2.11034158874353
1,2,3,1,3,0,0
1,2,3,2,0,0,0
1,2,3,2,1,0,0
1,2,3,2,2,0,0
1,2,3,2,3,0,0
1,2,3,3,0,-2.18438187596192,-2.18438187394154
1,2,3,3,1,-4.00689620116234,-4.03056829416939
1,2,3,3,2,-3.16740052347035,-3.23378762030059
1,2,3,3,3,-2.09703286042195,-2.30693286212663
1,3,0,0,0,0,0
1,3,0,0,1,0,0
1,3,0,0,2,0,0
1,3,0,0,3,0,0
1,3,0,1,0,0,0
1,3,0,1,1,0,0
1,3,0,1,2,0,0
1,3,0,1,3,0,0
1,3,0,2,0,0,0
1,3,0,2,1,0,0
1,3,0,2,2,0,0
1,3,0,2,3,0,0
1,3,0,3,0,0,0
1,3,0,3,1,-0.234986949556043,-0.234986949556043
1,3,0,3,2,0,0
1,3,0,3,3,0,0
1,3,1,0,0,0,0
1,3,1,0,1,0,0
1,3,1,0,2,0,0
1,3,1,0,3,0,0
1,3,1,1,0,0,0
1,3,1,1,1,0,0
1,3,1,1,2,0,0
1,3,1,1,3,0,0
1,3,1,2,0,0,0
1,3,1,2,1,0,0
1,3,1,2,2,0,0
1,3,1,2,3,0,0
1,3,1,3,0,-0.84167212332693,0
1,3,1,3,1,-1.11293084369529,-1.07589301334886
1,3,1,3,2,0,0
1,3,1,3,3,0,0
1,3,2,0,0,0,0
1,3,2,0,1,0,0
1,3,2,0,2,0,0
1,3,2,0,3,0,0
1,3,2,1,0,0,0
1,3,2,1,1,0,0
1,3,2,1,2,0,0
1,3,2,1,3,0,0
1,3,2,2,0,0,0
1,3,2,2,1,0,0
1,3,2,2,2,0,0
1,3,2,2,3,0,0
1,3,2,3,0,0,0
1,3,2,3,1,-0.4596743017254,-0.4596743017254
1,3,2,3,2,0,0
1,3,2,3,3,0,0
1,3,3,0,0,0,0
1,3,3,0,1,0,0
1,3,3,0,2,0,0
1,3,3,0,3,0,0
1,3,3,1,0,0,0
1,3,3,1,1,0,0
1,3,3,1,2,0,0
1,3,3,1,3,0,0
1,3,3,2,0,0,0
1,3,3,2,1,0,0
1,3,3,2,2,0,0
1,3,3,2,3,0,0
1,3,3,3,0,0,0
1,3,3,3,1,-1.49718849163732,-1.49718849163732
1,3,3,3,2,0,-0.819018426187616
1,3,3,3,3,-1.65592946323558,-1.73038540583318
2,0,0,0,0,0,0
2,0,0,0,1,0,0
2,0,0,0,2,0,0
2,0,0,0,3,0,0
2,0,0,1,0,0,0
2,0,0,1,1,0,0
2,0,0,1,2,0,0
2,0,0,1,3,0,0
2,0,0,2,0,0,0
2,0,0,2,1,0,0
2,0,0,2,2,0,0
2,0,0,2,3,0,0
2,0,0,3,0,-1.57856514015442,-1.5785634970283
2,0,0,3,1,-0.462295413736883,-0.316322232090869
2,0,0,3,2,-1.64061774836808,-1.6823721117352
2,0,0,3,3,-2.76324681546082,-2.67746861899503
2,0,1,0,0,0,0
2,0,1,0,1,0,0
2,0,1,0,2,0,0
2,0,1,0,3,0,0
2,0,1,1,0,0,0
2,0,1,1,1,0,0
2,0,1,1,2,0,0
2,0,1,1,3,0,0
2,0,1,2,0,0,0
2,0,1,2,1,0,0
2,0,1,2,2,0,0
2,0,1,2,3,0,0
2,0,1,3,0,-2.86462550883438,-2.86462501154958
2,0,1,3,1,-1.57961689851087,-1.48090477175833
2,0,1,3,2,0,0
2,0,1,3,3,0,0
2,0,2,0,0,0,0
2,0,2,0,1,0,0
2,0,2,0,2,0,0
2,0,2,0,3,0,0
2,0,2,1,0,0,0
2,0,2,1,1,0,0
2,0,2,1,2,0,0
2,0,2,1,3,0,0
2,0,2,2,0,0,0
2,0,2,2,1,0,0
2,0,2,2,2,0,0
2,0,2,2,3,0,0
2,0,2,3,0,-2.63877079873078,-2.58270174276723
2,0,2,3,1,-2.37351830216728,-2.50360876880691
2,0,2,3,2,0,0
2,0,2,3,3,0,0
2,0,3,0,0,0,0
2,0,3,0,1,0,0
2,0,3,0,2,0,0
2,0,3,0,3,0,0
2,0,3,1,0,-1.79711923739465,-1.79711923739465
2,0,3,1,1,-0.997226241192204,-0.997226241192204
2,0,3,1,2,0,0
2,0,3,1,3,0,0
2,0,3,2,0,-3.08832028289032,-3.08628375275347
2,0,3,2,1,-1.24666154446514,-1.0821542136944
2,0,3,2,2,0,0
2,0,3,2,3,0,0
2,0,3,3,0,-3.5368927812321,-3.5368927812321
2,0,3,3,1,-2.48021477841843,-2.46228620847408
2,0,3,3,2,0,0
2,0,3,3,3,-0.560363619064776,-1.82710541776297
2,1,0,0,0,0,0
2,1,0,0,1,0,0
2,1,0,0,2,0,0
2,1,0,0,3,0,0
2,1,0,1,0,0,0
2,1,0,1,1,0,0
2,1,0,1,2,0,0
2,1,0,1,3,0,0
2,1,0,2,0,0,0
2,1,0,2,1,0,0
2,1,0,2,2,0,0
2,1,0,2,3,0,0
2,1,0,3,0,0,0
2,1,0,3,1,-0.573947746649961,-0.573947746649961
2,1,0,3,2,-0.200151229302065,-0.25713228454977
2,1,0,3,3,-1.40714991865241,-1.57582023760065
2,1,1,0,0,0,0
2,1,1,0,1,0,0
2,1,1,0,2,0,0
2,1,1,0,3,0,0
2,1,1,1,0,0,0
2,1,1,1,1,0,0
2,1,1,1,2,0,0
2,1,1,1,3,0,0
2,1,1,2,0,0,0
2,1,1,2,1,0,0
2,1,1,2,2,0,0
2,1,1,2,3,0,0
2,1,1,3,0,-2.35386930021075,-2.31015562892272
2,1,1,3,1,-1.11813464601054,-1.02039622622847
2,1,1,3,2,0,0
2,1,1,3,3,83.5344349019249,0
2,1,2,0,0,0,0
2,1,2,0,1,0,0
2,1,2,0,2,0,0
2,1,2,0,3,0,0
2,1,2,1,0,0,0
2,1,2,1,1,0,0
2,1,2,1,2,0,0
2,1,2,1,3,0,0
2,1,2,2,0,0,0
2,1,2,2,1,0,0
2,1,2,2,2,0,0
2,1,2,2,3,0,0
2,1,2,3,0,-2.41192334190776,-2.41103809942936
2,1,2,3,1,-0.642903069144092,-0.642903069144092
2,1,2,3,2,0,0
2,1,2,3,3,-0.866567205972224,-1.38796855407261
2,1,3,0,0,0,0
2,1,3,0,1,0,0
2,1,3,0,2,0,0
2,1,3,0,3,0,0
2,1,3,1,0,-1.68050394381309,-1.68050394381309
2,1,3,1,1,-0.943827949887398,-0.943804339530678
2,1,3,1,2,0,0
2,1,3,1,3,-0.954927778355083,-1.3065825073177
2,1,3,2,0,-1.25524793531077,-1.25524793531077
2,1,3,2,1,-0.840648605875154,-0.490035941607625
2,1,3,2,2,0,0
2,1,3,2,3,0,0
2,1,3,3,0,-3.12211604906661,-3.12211901997131
2,1,3,3,1,-2.03211479540142,-1.99641370717683
2,1,3,3,2,0,0
2,1,3,3,3,-2.35977563847788,-2.34314944248808
2,2,0,0,0,0,0
2,2,0,0,1,0,0
2,2,0,0,2,0,0
2,2,0,0,3,0,0
2,2,0,1,0,0,0
2,2,0,1,1,0,0
2,2,0,1,2,0,0
2,2,0,1,3,0,0
2,2,0,2,0,0,0
2,2,0,2,1,0,0
2,2,0,2,2,0,0
2,2,0,2,3,0,0
2,2,0,3,0,0,0
2,2,0,3,1,0,0
2,2,0,3,2,-0.615805684009136,-0.615805684009136
2,2,0,3,3,0,0
2,2,1,0,0,0,0
2,2,1,0,1,0,0
2,2,1,0,2,0,0
2,2,1,0,3,0,0
2,2,1,1,0,0,0
2,2,1,1,1,0,0
2,2,1,1,2,0,0
2,2,1,1,3,0,0
2,2,1,2,0,0,0
2,2,1,2,1,0,0
2,2,1,2,2,0,0
2,2,1,2,3,0,0
2,2,1,3,0,-1.05443302121216,-1.47040917457153
2,2,1,3,1,-0.774260154143544,-0.774260154143544
2,2,1,3,2,61.1430868087074,0
2,2,1,3,3,51.3854558981601,-2.24389324999827
2,2,2,0,0,0,0
2,2,2,0,1,0,0
2,2,2,0,2,0,0
2,2,2,0,3,0,0
2,2,2,1,0,0,0
2,2,2,1,1,0,0
2,2,2,1,2,0,0
2,2,2,1,3,0,0
2,2,2,2,0,0,0
2,2,2,2,1,0,0
2,2,2,2,2,0,0
2,2,2,2,3,0,0
2,2,2,3,0,-1.69059099131191,-1.69059099131191
2,2,2,3,1,0,0
2,2,2,3,2,0,0
2,2,2,3,3,0,-0.399627020398954
2,2,3,0,0,0,0
2,2,3,0,1,0,0
2,2,3,0,2,0,0
2,2,3,0,3,0,0
2,2,3,1,0,0,0
2,2,3,1,1,0,0
2,2,3,1,2,0,0
2,2,3,1,3,-0.490089310801141,-0.769116754906337
2,2,3,2,0,-0.351658662076454,-0.351658662076454
2,2,3,2,1,0,0
2,2,3,2,2,0,0
2,2,3,2,3,-1.48233310814292,-1.51380181718318
2,2,3,3,0,-2.68875407634488,-2.71693352735911
2,2,3,3,1,-1.40933718849289,-1.45281595162039
2,2,3,3,2,0,0
2,2,3,3,3,-2.15883814377068,-2.18823406343994
2,3,0,0,0,0,0
2,3,0,0,1,0,0
2,3,0,0,2,0,0
2,3,0,0,3,0,0
2,3,0,1,0,0,0
2,3,0,1,1,0,0
2,3,0,1,2,0,0
2,3,0,1,3,0,0
2,3,0,2,0,0,0
2,3,0,2,1,0,0
2,3,0,2,2,0,0
2,3,0,2,3,0,0
2,3,0,3,0,0,0
2,3,0,3,1,0,0
2,3,0,3,2,0,0
2,3,0,3,3,-0.169702458507536,-0.521711396453632
2,3,1,0,0,0,0
2,3,1,0,1,0,0
2,3,1,0,2,0,0
2,3,1,0,3,0,0
2,3,1,1,0,0,0
2,3,1,1,1,0,0
2,3,1,1,2,0,0
2,3,1,1,3,0,0
2,3,1,2,0,0,0
2,3,1,2,1,0,0
2,3,1,2,2,0,0
2,3,1,2,3,0,0
2,3,1,3,0,-0.590202641370673,-0.590202641370673
2,3,1,3,1,0,0
2,3,1,3,2,0,0
2,3,1,3,3,0,0
2,3,2,0,0,0,0
2,3,2,0,1,0,0
2,3,2,0,2,0,0
2,3,2,0,3,0,0
2,3,2,1,0,0,0
2,3,2,1,1,0,0
2,3,2,1,2,0,0
2,3,2,1,3,0,0
2,3,2,2,0,0,0
2,3,2,2,1,0,0
2,3,2,2,2,0,0
2,3,2,2,3,0,0
2,3,2,3,0,0,0
2,3,2,3,1,0,0
2,3,2,3,2,0,0
2,3,2,3,3,0,0
2,3,3,0,0,0,0
2,3,3,0,1,0,0
2,3,3,0,2,0,0
2,3,3,0,3,0,0
2,3,3,1,0,0,0
2,3,3,1,1,0,0
2,3,3,1,2,0,0
2,3,3,1,3,0,0
2,3,3,2,0,-0.161803573818099,-0.161803573818099
2,3,3,2,1,-0.317162874055015,-0.317162874055015
2,3,3,2,2,-0.161800664937524,-0.161800664937524
2,3,3,2,3,0,0
2,3,3,3,0,-0.524506095626653,-0.524506095626653
2,3,3,3,1,0,0
2,3,3,3,2,0,0
2,3,3,3,3,0,0
3,0,0,0,0,0,0
3,0,0,0,1,0,0
3,0,0,0,2,0,0
3,0,0,0,3,0,0
3,0,0,1,0,0,0
3,0,0,1,1,0,0
3,0,0,1,2,0,0
3,0,0,1,3,0,0
3,0,0,2,0,0,0
3,0,0,2,1,0,0
3,0,0,2,2,0,0
3,0,0,2,3,0,0
3,0,0,3,0,-0.272983716776294,-0.272983716776294
3,0,0,3,1,-1.46643701250527,-1.59322719848138
3,0,0,3,2,-3.39070164107162,-3.22573987689465
3,0,0,3,3,-4.18854319626741,-4.17353307468354
3,0,1,0,0,0,0
3,0,1,0,1,0,0
3,0,1,0,2,0,0
3,0,1,0,3,0,0
3,0,1,1,0,0,0
3,0,1,1,1,0,0
3,0,1,1,2,0,0
3,0,1,1,3,0,0
3,0,1,2,0,0,0
3,0,1,2,1,0,0
3,0,1,2,2,0,0
3,0,1,2,3,0,0
3,0,1,3,0,-2.64658732236927,-2.64678818004318
3,0,1,3,1,-3.4094587230819,-3.38529018498654
3,0,1,3,2,-3.55633621653484,-3.60911045777166
3,0,1,3,3,-3.9559223929944,-3.97859400141541
3,0,2,0,0,0,0
3,0,2,0,1,0,0
3,0,2,0,2,0,0
3,0,2,0,3,0,0
3,0,2,1,0,0,0
3,0,2,1,1,0,0
3,0,2,1,2,0,0
3,0,2,1,3,0,0
3,0,2,2,0,0,0
3,0,2,2,1,0,0
3,0,2,2,2,0,0
3,0,2,2,3,0,0
3,0,2,3,0,-2.65632572853272,-2.59874102906877
3,0,2,3,1,-3.34462292901753,-3.33921472919542
3,0,2,3,2,-3.25825707423541,-3.2644959979272
3,0,2,3,3,-3.67709635757207,-3.72897249911525
3,0,3,0,0,0,0
3,0,3,0,1,0,0
3,0,3,0,2,0,0
3,0,3,0,3,0,0
3,0,3,1,0,-1.6882974741426,-1.6882974741426
3,0,3,1,1,-2.64427157510563,-2.62373015187187
3,0,3,1,2,-2.42769550788298,-2.50423165322672
3,0,3,1,3,-3.16219758137193,-3.16633028314758
3,0,3,2,0,-2.79854320820236,-2.79750385758337
3,0,3,2,1,-2.5088467529805,-2.42057837221518
3,0,3,2,2,-2.48333681471115,-2.44556998975779
3,0,3,2,3,-3.37177146111939,-3.50853647654157
3,0,3,3,0,-3.25643051619639,-3.24738457574775
3,0,3,3,1,-4.09516806881789,-4.09367715607576
3,0,3,3,2,-4.16265710991988,-4.30766145154148
3,0,3,3,3,-4.27013116903296,-4.13488042042088
3,1,0,0,0,0,0
3,1,0,0,1,0,0
3,1,0,0,2,0,0
3,1,0,0,3,0,0
3,1,0,1,0,0,0
3,1,0,1,1,0,0
3,1,0,1,2,0,0
3,1,0,1,3,0,0
3,1,0,2,0,0,0
3,1,0,2,1,0,0
3,1,0,2,2,0,0
3,1,0,2,3,0,0
3,1,0,3,0,0,0
3,1,0,3,1,-0.381523581618513,-0.381523581618513
3,1,0,3,2,-0.549120929544734,-1.45335433819846
3,1,0,3,3,-3.23725354260064,-3.39267269846542
3,1,1,0,0,0,0
3,1,1,0,1,0,0
3,1,1,0,2,0,0
3,1,1,0,3,0,0
3,1,1,1,0,0,0
3,1,1,1,1,0,0
3,1,1,1,2,0,0
3,1,1,1,3,0,0
3,1,1,2,0,0,0
3,1,1,2,1,0,0
3,1,1,2,2,0,0
3,1,1,2,3,0,0
3,1,1,3,0,-2.64633387983293,-2.66233536882099
3,1,1,3,1,-3.26345399964808,-3.26324247478145
3,1,1,3,2,-2.28573389057318,-2.46549625818952
3,1,1,3,3,-3.81351457032121,-3.7413292775016
3,1,2,0,0,0,0
3,1,2,0,1,0,0
3,1,2,0,2,0,0
3,1,2,0,3,0,0
3,1,2,1,0,0,0
3,1,2,1,1,0,0
3,1,2,1,2,0,0
3,1,2,1,3,0,0
3,1,2,2,0,0,0
3,1,2,2,1,0,0
3,1,2,2,2,0,0
3,1,2,2,3,0,0
3,1,2,3,0,-2.3831235306116,-2.36248753089334
3,1,2,3,1,-2.59289007396326,-2.64419766705995
3,1,2,3,2,-2.65403649450594,-2.84665531132724
3,1,2,3,3,-3.1829824453386,-3.36740638382043
3,1,3,0,0,0,0
3,1,3,0,1,0,0
3,1,3,0,2,0,0
3,1,3,0,3,0,0
3,1,3,1,0,-0.345636593825467,-0.326324684572819
3,1,3,1,1,-1.71507157098378,-1.64575973894518
3,1,3,1,2,-0.61198434726213,-0.98695846198313
3,1,3,1,3,-1.73442409018898,-1.92151916459598
3,1,3,2,0,-1.38469683357782,-1.38469683357782
3,1,3,2,1,-0.911650335886001,-0.71426724757757
3,1,3,2,2,-0.492934609641438,-1.28724722770028
3,1,3,2,3,-2.12673805439393,-2.19488872308639
3,1,3,3,0,-2.87857897161919,-2.90137875547768
3,1,3,3,1,-3.6172609460062,-3.61640189373835
3,1,3,3,2,-3.54227029517737,-3.7343729988879
3,1,3,3,3,-3.79537494157422,-3.90697645122857
3,2,0,0,0,0,0
3,2,0,0,1,0,0
3,2,0,0,2,0,0
3,2,0,0,3,0,0
3,2,0,1,0,0,0
3,2,0,1,1,0,0
3,2,0,1,2,0,0
3,2,0,1,3,0,0
3,2,0,2,0,0,0
3,2,0,2,1,0,0
3,2,0,2,2,0,0
3,2,0,2,3,0,0
3,2,0,3,0,0,0
3,2,0,3,1,0,0
3,2,0,3,2,0,0
3,2,0,3,3,0,0
3,2,1,0,0,0,0
3,2,1,0,1,0,0
3,2,1,0,2,0,0
3,2,1,0,3,0,0
3,2,1,1,0,0,0
3,2,1,1,1,0,0
3,2,1,1,2,0,0
3,2,1,1,3,0,0
3,2,1,2,0,0,0
3,2,1,2,1,0,0
3,2,1,2,2,0,0
3,2,1,2,3,0,0
3,2,1,3,0,-1.50133722509122,-1.50133722509122
3,2,1,3,1,-1.0248116261252,-1.0248116261252
3,2,1,3,2,-1.45758556316805,-2.18646527030279
3,2,1,3,3,-3.40227092717766,-3.46256346739004
3,2,2,0,0,0,0
3,2,2,0,1,0,0
3,2,2,0,2,0,0
3,2,2,0,3,0,0
3,2,2,1,0,0,0
3,2,2,1,1,0,0
3,2,2,1,2,0,0
3,2,2,1,3,0,0
3,2,2,2,0,0,0
3,2,2,2,1,0,0
3,2,2,2,2,0,0
3,2,2,2,3,0,0
3,2,2,3,0,-0.417710949681447,-0.417710949681447
3,2,2,3,1,-1.27824743389704,-1.07633231342595
3,2,2,3,2,-1.23130617343931,-2.12180854778244
3,2,2,3,3,-3.76744160463936,-3.86861101307932
3,2,3,0,0,0,0
3,2,3,0,1,0,0
3,2,3,0,2,0,0
3,2,3,0,3,0,0
3,2,3,1,0,-0.572227879120181,-0.572227879120181
3,2,3,1,1,-1.36588163809259,-1.36588163809259
3,2,3,1,2,0,-0.402562166325394
3,2,3,1,3,-0.197628462394246,-0.197628462394246
3,2,3,2,0,-0.561692572268842,-0.561692572268842
3,2,3,2,1,0,0
3,2,3,2,2,0,0
3,2,3,2,3,0,0
3,2,3,3,0,-2.01775555624208,-1.99942271112364
3,2,3,3,1,-2.41932687923433,-2.43112042658593
3,2,3,3,2,-3.783774265098,-3.8152665605124
3,2,3,3,3,-3.77946182553469,-3.88205341406523
3,3,0,0,0,0,0
3,3,0,0,1,0,0
3,3,0,0,2,0,0
3,3,0,0,3,0,0
3,3,0,1,0,0,0
3,3,0,1,1,0,0
3,3,0,1,2,0,0
3,3,0,1,3,0,0
3,3,0,2,0,0,0
3,3,0,2,1,0,0
3,3,0,2,2,0,0
3,3,0,2,3,0,0
3,3,0,3,0,0,0
3,3,0,3,1,0,0
3,3,0,3,2,0,0
3,3,0,3,3,0,0
3,3,1,0,0,0,0
3,3,1,0,1,0,0
3,3,1,0,2,0,0
3,3,1,0,3,0,0
3,3,1,1,0,0,0
3,3,1,1,1,0,0
3,3,1,1,2,0,0
3,3,1,1,3,0,0
3,3,1,2,0,0,0
3,3,1,2,1,0,0
3,3,1,2,2,0,0
3,3,1,2,3,0,0
3,3,1,3,0,0,0
3,3,1,3,1,0,0
3,3,1,3,2,0,0
3,3,1,3,3,-0.422020075060859,-1.61940682126306
3,3,2,0,0,0,0
3,3,2,0,1,0,0
3,3,2,0,2,0,0
3,3,2,0,3,0,0
3,3,2,1,0,0,0
3,3,2,1,1,0,0
3,3,2,1,2,0,0
3,3,2,1,3,0,0
3,3,2,2,0,0,0
3,3,2,2,1,0,0
3,3,2,2,2,0,0
3,3,2,2,3,0,0
3,3,2,3,0,0,0
3,3,2,3,1,0,0
3,3,2,3,2,0,0
3,3,2,3,3,0,0
3,3,3,0,0,0,0
3,3,3,0,1,0,0
3,3,3,0,2,0,0
3,3,3,0,3,0,0
3,3,3,1,0,0,0
3,3,3,1,1,0,0
3,3,3,1,2,0,0
3,3,3,1,3,0,0
3,3,3,2,0,-0.161806482803268,-0.161806482803268
3,3,3,2,1,-0.161809391893037,-0.161809391893037
3,3,3,2,2,0,0
3,3,3,2,3,0,0
3,3,3,3,0,0,0
3,3,3,3,1,0,0
3,3,3,3,2,-0.422119043230753,-1.49135632114584
3,3,3,3,3,0,0
