Health,NeighNum,DistFood,DistSafe,DistFox,Flee,Seek Safe
0,0,0,0,0,0,0
0,0,0,0,1,0,0
0,0,0,0,2,0,0
0,0,0,0,3,0,0
0,0,0,1,0,0,0
0,0,0,1,1,0,0
0,0,0,1,2,0,0
0,0,0,1,3,0,0
0,0,0,2,0,0,0
0,0,0,2,1,0,0
0,0,0,2,2,0,0
0,0,0,2,3,0,0
0,0,0,3,0,0,0
0,0,0,3,1,0,0
0,0,0,3,2,0,0
0,0,0,3,3,0,0
0,0,1,0,0,0,0
0,0,1,0,1,0,0
0,0,1,0,2,0,0
0,0,1,0,3,0,0
0,0,1,1,0,0,0
0,0,1,1,1,0,0
0,0,1,1,2,0,0
0,0,1,1,3,0,0
0,0,1,2,0,0,0
0,0,1,2,1,0,0
0,0,1,2,2,0,0
0,0,1,2,3,0,0
0,0,1,3,0,0,0
0,0,1,3,1,0,0
0,0,1,3,2,0,0
0,0,1,3,3,0,0
0,0,2,0,0,0,0
0,0,2,0,1,0,0
0,0,2,0,2,0,0
0,0,2,0,3,0,0
0,0,2,1,0,0,0
0,0,2,1,1,0,0
0,0,2,1,2,0,0
0,0,2,1,3,0,0
0,0,2,2,0,0,0
0,0,2,2,1,0,0
0,0,2,2,2,0,0
0,0,2,2,3,0,0
0,0,2,3,0,0,0
0,0,2,3,1,0,0
0,0,2,3,2,0,0
0,0,2,3,3,0,0
0,0,3,0,0,0,0
0,0,3,0,1,0,0
0,0,3,0,2,0,0
0,0,3,0,3,0,0
0,0,3,1,0,0,0
0,0,3,1,1,0,0
0,0,3,1,2,0,0
0,0,3,1,3,0,0
0,0,3,2,0,0,0
0,0,3,2,1,0,0
0,0,3,2,2,0,0
0,0,3,2,3,0,0
0,0,3,3,0,0,0
0,0,3,3,1,0,0
0,0,3,3,2,0,0
0,0,3,3,3,0,0
0,1,0,0,0,0,0
0,1,0,0,1,0,0
0,1,0,0,2,0,0
0,1,0,0,3,0,0
0,1,0,1,0,0,0
0,1,0,1,1,0,0
0,1,0,1,2,0,0
0,1,0,1,3,0,0
0,1,0,2,0,0,0
0,1,0,2,1,0,0
0,1,0,2,2,0,0
0,1,0,2,3,0,0
0,1,0,3,0,0,0
0,1,0,3,1,0,0
0,1,0,3,2,0,0
0,1,0,3,3,0,0
0,1,1,0,0,0,0
0,1,1,0,1,0,0
0,1,1,0,2,0,0
0,1,1,0,3,0,0
0,1,1,1,0,0,0
0,1,1,1,1,0,0
0,1,1,1,2,0,0
0,1,1,1,3,0,0
0,1,1,2,0,0,0
0,1,1,2,1,0,0
0,1,1,2,2,0,0
0,1,1,2,3,0,0
0,1,1,3,0,0,0
0,1,1,3,1,0,0
0,1,1,3,2,0,0
0,1,1,3,3,0,0
0,1,2,0,0,0,0
0,1,2,0,1,0,0
0,1,2,0,2,0,0
0,1,2,0,3,0,0
0,1,2,1,0,0,0
0,1,2,1,1,0,0
0,1,2,1,2,0,0
0,1,2,1,3,0,0
0,1,2,2,0,0,0
0,1,2,2,1,0,0
0,1,2,2,2,0,0
0,1,2,2,3,0,0
0,1,2,3,0,0,0
0,1,2,3,1,0,0
0,1,2,3,2,0,0
0,1,2,3,3,0,0
0,1,3,0,0,0,0
0,1,3,0,1,0,0
0,1,3,0,2,0,0
0,1,3,0,3,0,0
0,1,3,1,0,0,0
0,1,3,1,1,0,0
0,1,3,1,2,0,0
0,1,3,1,3,0,0
0,1,3,2,0,0,0
0,1,3,2,1,0,0
0,1,3,2,2,0,0
0,1,3,2,3,0,0
0,1,3,3,0,0,0
0,1,3,3,1,0,0
0,1,3,3,2,0,0
0,1,3,3,3,0,0
0,2,0,0,0,0,0
0,2,0,0,1,0,0
0,2,0,0,2,0,0
0,2,0,0,3,0,0
0,2,0,1,0,0,0
0,2,0,1,1,0,0
0,2,0,1,2,0,0
0,2,0,1,3,0,0
0,2,0,2,0,0,0
0,2,0,2,1,0,0
0,2,0,2,2,0,0
0,2,0,2,3,0,0
0,2,0,3,0,0,0
0,2,0,3,1,0,0
0,2,0,3,2,0,0
0,2,0,3,3,0,0
0,2,1,0,0,0,0
0,2,1,0,1,0,0
0,2,1,0,2,0,0
0,2,1,0,3,0,0
0,2,1,1,0,0,0
0,2,1,1,1,0,0
0,2,1,1,2,0,0
0,2,1,1,3,0,0
0,2,1,2,0,0,0
0,2,1,2,1,0,0
0,2,1,2,2,0,0
0,2,1,2,3,0,0
0,2,1,3,0,0,0
0,2,1,3,1,0,0
0,2,1,3,2,0,0
0,2,1,3,3,0,0
0,2,2,0,0,0,0
0,2,2,0,1,0,0
0,2,2,0,2,0,0
0,2,2,0,3,0,0
0,2,2,1,0,0,0
0,2,2,1,1,0,0
0,2,2,1,2,0,0
0,2,2,1,3,0,0
0,2,2,2,0,0,0
0,2,2,2,1,0,0
0,2,2,2,2,0,0
0,2,2,2,3,0,0
0,2,2,3,0,0,0
0,2,2,3,1,0,0
0,2,2,3,2,0,0
0,2,2,3,3,0,0
0,2,3,0,0,0,0
0,2,3,0,1,0,0
0,2,3,0,2,0,0
0,2,3,0,3,0,0
0,2,3,1,0,0,0
0,2,3,1,1,0,0
0,2,3,1,2,0,0
0,2,3,1,3,0,0
0,2,3,2,0,0,0
0,2,3,2,1,0,0
0,2,3,2,2,0,0
0,2,3,2,3,0,0
0,2,3,3,0,0,0
0,2,3,3,1,0,0
0,2,3,3,2,0,0
0,2,3,3,3,0,0
0,3,0,0,0,0,0
0,3,0,0,1,0,0
0,3,0,0,2,0,0
0,3,0,0,3,0,0
0,3,0,1,0,0,0
0,3,0,1,1,0,0
0,3,0,1,2,0,0
0,3,0,1,3,0,0
0,3,0,2,0,0,0
0,3,0,2,1,0,0
0,3,0,2,2,0,0
0,3,0,2,3,0,0
0,3,0,3,0,0,0
0,3,0,3,1,0,0
0,3,0,3,2,0,0
0,3,0,3,3,0,0
0,3,1,0,0,0,0
0,3,1,0,1,0,0
0,3,1,0,2,0,0
0,3,1,0,3,0,0
0,3,1,1,0,0,0
0,3,1,1,1,0,0
0,3,1,1,2,0,0
0,3,1,1,3,0,0
0,3,1,2,0,0,0
0,3,1,2,1,0,0
0,3,1,2,2,0,0
0,3,1,2,3,0,0
0,3,1,3,0,0,0
0,3,1,3,1,0,0
0,3,1,3,2,0,0
0,3,1,3,3,0,0
0,3,2,0,0,0,0
0,3,2,0,1,0,0
0,3,2,0,2,0,0
0,3,2,0,3,0,0
0,3,2,1,0,0,0
0,3,2,1,1,0,0
0,3,2,1,2,0,0
0,3,2,1,3,0,0
0,3,2,2,0,0,0
0,3,2,2,1,0,0
0,3,2,2,2,0,0
0,3,2,2,3,0,0
0,3,2,3,0,0,0
0,3,2,3,1,0,0
0,3,2,3,2,0,0
0,3,2,3,3,0,0
0,3,3,0,0,0,0
0,3,3,0,1,0,0
0,3,3,0,2,0,0
0,3,3,0,3,0,0
0,3,3,1,0,0,0
0,3,3,1,1,0,0
0,3,3,1,2,0,0
0,3,3,1,3,0,0
0,3,3,2,0,0,0
0,3,3,2,1,0,0
0,3,3,2,2,0,0
0,3,3,2,3,0,0
0,3,3,3,0,0,0
0,3,3,3,1,0,0
0,3,3,3,2,0,0
0,3,3,3,3,0,0
1,0,0,0,0,0,0
1,0,0,0,1,0,0
1,0,0,0,2,0,0
1,0,0,0,3,0,0
1,0,0,1,0,0,0
1,0,0,1,1,0,0
1,0,0,1,2,0,0
1,0,0,1,3,0,0
1,0,0,2,0,0,0
1,0,0,2,1,0,0
1,0,0,2,2,0,0
1,0,0,2,3,0,0
1,0,0,3,0,2.93309968037257,2.89088252329831
1,0,0,3,1,-3.56523279399002,-2.71120422998027
1,0,0,3,2,-2.6117747987785,-2.6117747987785
1,0,0,3,3,-2.50916441506044,-2.50916441506044
1,0,1,0,0,0,0
1,0,1,0,1,0,0
1,0,1,0,2,0,0
1,0,1,0,3,0,0
1,0,1,1,0,0,0
1,0,1,1,1,0,0
1,0,1,1,2,0,0
1,0,1,1,3,0,0
1,0,1,2,0,0,0
1,0,1,2,1,0,0
1,0,1,2,2,0,0
1,0,1,2,3,0,0
1,0,1,3,0,1.75743108474592,0.74555298680775
1,0,1,3,1,-1.41836017004042,-3.16938870771934
1,0,1,3,2,-2.77431294440732,-2.77431294440732
1,0,1,3,3,-1.87144815250628,-1.87144815250628
1,0,2,0,0,0,0
1,0,2,0,1,0,0
1,0,2,0,2,0,0
1,0,2,0,3,0,0
1,0,2,1,0,0,0
1,0,2,1,1,0,0
1,0,2,1,2,0,0
1,0,2,1,3,0,0
1,0,2,2,0,0,0
1,0,2,2,1,0,0
1,0,2,2,2,0,0
1,0,2,2,3,0,0
1,0,2,3,0,1.94866286046321,0.255155384007704
1,0,2,3,1,-3.76699880837923,-3.76882387702705
1,0,2,3,2,-3.09250972705657,-3.09250972705657
1,0,2,3,3,0,0
1,0,3,0,0,0,0
1,0,3,0,1,-0.725839204565239,-0.725839204565239
1,0,3,0,2,-1.02963754988971,-1.02963754988971
1,0,3,0,3,-0.170625821075235,-0.170625821075235
1,0,3,1,0,254.20121472572,913.050037200838
1,0,3,1,1,494.507124056154,602.720804114162
1,0,3,1,2,-2.30431776946232,-2.30431776946232
1,0,3,1,3,-0.466094046511141,-0.466094046511141
1,0,3,2,0,-2.48415930610508,-2.12074067568504
1,0,3,2,1,-3.20656672623867,-3.15824668503399
1,0,3,2,2,-3.01499530000144,-3.01499530000144
1,0,3,2,3,-0.749377669717779,-0.749377669717779
1,0,3,3,0,-2.29521391432103,-3.97885697643989
1,0,3,3,1,-5.38081314660944,-3.96113049570738
1,0,3,3,2,-3.87179003642357,-3.87179003642636
1,0,3,3,3,-3.19543805626537,-3.19543805626537
1,1,0,0,0,0,0
1,1,0,0,1,0,0
1,1,0,0,2,0,0
1,1,0,0,3,0,0
1,1,0,1,0,0,0
1,1,0,1,1,0,0
1,1,0,1,2,0,0
1,1,0,1,3,0,0
1,1,0,2,0,0,0
1,1,0,2,1,0,0
1,1,0,2,2,0,0
1,1,0,2,3,0,0
1,1,0,3,0,-1.56040759278433,-1.56040759278433
1,1,0,3,1,0.07137955394767,-2.00144214907007
1,1,0,3,2,-1.26419989524645,-1.26419989524645
1,1,0,3,3,-2.39408797920183,-2.39408797920183
1,1,1,0,0,0,0
1,1,1,0,1,0,0
1,1,1,0,2,0,0
1,1,1,0,3,0,0
1,1,1,1,0,0,0
1,1,1,1,1,0,0
1,1,1,1,2,0,0
1,1,1,1,3,0,0
1,1,1,2,0,0,0
1,1,1,2,1,0,0
1,1,1,2,2,0,0
1,1,1,2,3,0,0
1,1,1,3,0,4.06072013671878,-1.37222863058683
1,1,1,3,1,-1.73935626288468,-2.41632879784456
1,1,1,3,2,-2.05157974678955,-2.05157974678955
1,1,1,3,3,-0.762066048674433,-0.762066048674433
1,1,2,0,0,0,0
1,1,2,0,1,0,0
1,1,2,0,2,0,0
1,1,2,0,3,0,0
1,1,2,1,0,0,0
1,1,2,1,1,0,0
1,1,2,1,2,0,0
1,1,2,1,3,0,0
1,1,2,2,0,0,0
1,1,2,2,1,0,0
1,1,2,2,2,0,0
1,1,2,2,3,0,0
1,1,2,3,0,4.35445038572159,0.754864163979625
1,1,2,3,1,-1.9298579806986,-3.42509575631283
1,1,2,3,2,-1.22467122520862,-1.22467122520862
1,1,2,3,3,-0.99479336443694,-0.99479336443694
1,1,3,0,0,0,0
1,1,3,0,1,-0.239514588217284,-0.239514588217284
1,1,3,0,2,0,0
1,1,3,0,3,0,0
1,1,3,1,0,132.78612703831,724.963875976535
1,1,3,1,1,0,695.566893864454
1,1,3,1,2,0,0
1,1,3,1,3,0,0
1,1,3,2,0,-4.17509994844269,-2.69315428778583
1,1,3,2,1,2.1205188756327,-1.81545238146312
1,1,3,2,2,-0.705179079488059,-0.705179079488059
1,1,3,2,3,0,0
1,1,3,3,0,1.68065631489371,0.686902588855644
1,1,3,3,1,-3.37092344788966,-3.97859040757308
1,1,3,3,2,-3.21806182539141,-3.21806182539141
1,1,3,3,3,-3.49786558732902,-3.49786558732902
1,2,0,0,0,0,0
1,2,0,0,1,0,0
1,2,0,0,2,0,0
1,2,0,0,3,0,0
1,2,0,1,0,0,0
1,2,0,1,1,0,0
1,2,0,1,2,0,0
1,2,0,1,3,0,0
1,2,0,2,0,0,0
1,2,0,2,1,0,0
1,2,0,2,2,0,0
1,2,0,2,3,0,0
1,2,0,3,0,0,0
1,2,0,3,1,2.87733020337331,-1.00650803832137
1,2,0,3,2,-0.701820225602374,-0.701820225602374
1,2,0,3,3,0,0
1,2,1,0,0,0,0
1,2,1,0,1,0,0
1,2,1,0,2,0,0
1,2,1,0,3,0,0
1,2,1,1,0,0,0
1,2,1,1,1,0,0
1,2,1,1,2,0,0
1,2,1,1,3,0,0
1,2,1,2,0,0,0
1,2,1,2,1,0,0
1,2,1,2,2,0,0
1,2,1,2,3,0,0
1,2,1,3,0,5.2782507928548,-0.64373078211423
1,2,1,3,1,1.58053148010872,-1.75075475938149
1,2,1,3,2,-0.710241568060532,-0.710241568060532
1,2,1,3,3,-0.762130581321767,-0.762130581321767
1,2,2,0,0,0,0
1,2,2,0,1,0,0
1,2,2,0,2,0,0
1,2,2,0,3,0,0
1,2,2,1,0,0,0
1,2,2,1,1,0,0
1,2,2,1,2,0,0
1,2,2,1,3,0,0
1,2,2,2,0,0,0
1,2,2,2,1,0,0
1,2,2,2,2,0,0
1,2,2,2,3,0,0
1,2,2,3,0,2.64070853271991,1.32767415774645
1,2,2,3,1,-2.07917476965185,-2.07917476965185
1,2,2,3,2,-0.875314609282931,-0.875314609282931
1,2,2,3,3,-0.306445576967022,-0.306445576967022
1,2,3,0,0,0,0
1,2,3,0,1,0,0
1,2,3,0,2,-0.452647996429645,-0.452647996429645
1,2,3,0,3,0,0
1,2,3,1,0,-0.231356524740072,69.4069574220217
1,2,3,1,1,0,207.90428941858
1,2,3,1,2,-0.91569924076863,-0.91569924076863
1,2,3,1,3,0,0
1,2,3,2,0,0,0
1,2,3,2,1,5.24191987427617,-0.828646516825622
1,2,3,2,2,-0.281910733160297,-0.281910733160297
1,2,3,2,3,-0.28190190303028,-0.28190190303028
1,2,3,3,0,19.4519776337868,10.4926505564766
1,2,3,3,1,-3.22879322205386,-3.89761656612176
1,2,3,3,2,-3.64694995314009,-3.64694995314009
1,2,3,3,3,-0.730105486374387,-0.730105486374387
1,3,0,0,0,0,0
1,3,0,0,1,0,0
1,3,0,0,2,0,0
1,3,0,0,3,0,0
1,3,0,1,0,0,0
1,3,0,1,1,0,0
1,3,0,1,2,0,0
1,3,0,1,3,0,0
1,3,0,2,0,0,0
1,3,0,2,1,0,0
1,3,0,2,2,0,0
1,3,0,2,3,0,0
1,3,0,3,0,0,0
1,3,0,3,1,3.89256525627121,0
1,3,0,3,2,0,0
1,3,0,3,3,0,0
1,3,1,0,0,0,0
1,3,1,0,1,0,0
1,3,1,0,2,0,0
1,3,1,0,3,0,0
1,3,1,1,0,0,0
1,3,1,1,1,0,0
1,3,1,1,2,0,0
1,3,1,1,3,0,0
1,3,1,2,0,0,0
1,3,1,2,1,0,0
1,3,1,2,2,0,0
1,3,1,2,3,0,0
1,3,1,3,0,-0.842156348722456,-0.842156348722456
1,3,1,3,1,-1.30471776203892,-1.30471776203892
1,3,1,3,2,0,0
1,3,1,3,3,-0.334684472232744,-0.334684472232744
1,3,2,0,0,0,0
1,3,2,0,1,0,0
1,3,2,0,2,0,0
1,3,2,0,3,0,0
1,3,2,1,0,0,0
1,3,2,1,1,0,0
1,3,2,1,2,0,0
1,3,2,1,3,0,0
1,3,2,2,0,0,0
1,3,2,2,1,0,0
1,3,2,2,2,0,0
1,3,2,2,3,0,0
1,3,2,3,0,2.19408449768743,0
1,3,2,3,1,-1.80265337389989,-1.80265337389989
1,3,2,3,2,0,0
1,3,2,3,3,0,0
1,3,3,0,0,0,0
1,3,3,0,1,0,0
1,3,3,0,2,0,0
1,3,3,0,3,0,0
1,3,3,1,0,0,0
1,3,3,1,1,0,0
1,3,3,1,2,0,0
1,3,3,1,3,0,0
1,3,3,2,0,0,0
1,3,3,2,1,0,0
1,3,3,2,2,0,0
1,3,3,2,3,0,0
1,3,3,3,0,-0.6000454942877,-1.03241145337641
1,3,3,3,1,-3.24572461733558,-2.0852847861334
1,3,3,3,2,0,0
1,3,3,3,3,-0.710190629365376,-0.710190629365376
2,0,0,0,0,0,0
2,0,0,0,1,0,0
2,0,0,0,2,0,0
2,0,0,0,3,0,0
2,0,0,1,0,0,0
2,0,0,1,1,0,0
2,0,0,1,2,0,0
2,0,0,1,3,0,0
2,0,0,2,0,0,0
2,0,0,2,1,0,0
2,0,0,2,2,0,0
2,0,0,2,3,0,0
2,0,0,3,0,-2.80737764607736,-2.80737764607736
2,0,0,3,1,-2.04437758741767,-2.04437758741767
2,0,0,3,2,0,0
2,0,0,3,3,-3.65754517885971,-3.65754517885971
2,0,1,0,0,0,0
2,0,1,0,1,0,0
2,0,1,0,2,0,0
2,0,1,0,3,0,0
2,0,1,1,0,0,0
2,0,1,1,1,0,0
2,0,1,1,2,0,0
2,0,1,1,3,0,0
2,0,1,2,0,0,0
2,0,1,2,1,0,0
2,0,1,2,2,0,0
2,0,1,2,3,0,0
2,0,1,3,0,-3.94776425419387,-3.94776425419387
2,0,1,3,1,-3.26331366405786,-3.26331366405786
2,0,1,3,2,-0.483917416787294,-0.483917416787294
2,0,1,3,3,-0.183658480551855,-0.183658480551855
2,0,2,0,0,0,0
2,0,2,0,1,0,0
2,0,2,0,2,0,0
2,0,2,0,3,0,0
2,0,2,1,0,0,0
2,0,2,1,1,0,0
2,0,2,1,2,0,0
2,0,2,1,3,0,0
2,0,2,2,0,0,0
2,0,2,2,1,0,0
2,0,2,2,2,0,0
2,0,2,2,3,0,0
2,0,2,3,0,-3.94000786985629,-3.94000786985629
2,0,2,3,1,-3.82252805366227,-3.82252805366227
2,0,2,3,2,-0.742948261876521,-0.742948261876521
2,0,2,3,3,0,0
2,0,3,0,0,0,0
2,0,3,0,1,0,0
2,0,3,0,2,0,0
2,0,3,0,3,0,0
2,0,3,1,0,-3.81946242277667,-3.81946242277667
2,0,3,1,1,-2.20367519621871,-2.20367519621871
2,0,3,1,2,-0.40566316832943,-0.40566316832943
2,0,3,1,3,0,0
2,0,3,2,0,-3.32509221789603,-3.32509221789603
2,0,3,2,1,-2.70025274995798,-2.70025274995798
2,0,3,2,2,0,0
2,0,3,2,3,0,0
2,0,3,3,0,-4.02535270009285,-4.02535270009285
2,0,3,3,1,-3.97428707593901,-3.97428707593901
2,0,3,3,2,-3.42521466992785,-3.42521466992785
2,0,3,3,3,-0.497049272823548,-0.497049272823548
2,1,0,0,0,0,0
2,1,0,0,1,0,0
2,1,0,0,2,0,0
2,1,0,0,3,0,0
2,1,0,1,0,0,0
2,1,0,1,1,0,0
2,1,0,1,2,0,0
2,1,0,1,3,0,0
2,1,0,2,0,0,0
2,1,0,2,1,0,0
2,1,0,2,2,0,0
2,1,0,2,3,0,0
2,1,0,3,0,0,0
2,1,0,3,1,0,0
2,1,0,3,2,0,0
2,1,0,3,3,-3.19753750847853,-3.19753750847853
2,1,1,0,0,0,0
2,1,1,0,1,0,0
2,1,1,0,2,0,0
2,1,1,0,3,0,0
2,1,1,1,0,0,0
2,1,1,1,1,0,0
2,1,1,1,2,0,0
2,1,1,1,3,0,0
2,1,1,2,0,0,0
2,1,1,2,1,0,0
2,1,1,2,2,0,0
2,1,1,2,3,0,0
2,1,1,3,0,-3.90234414208285,-3.90234414208285
2,1,1,3,1,-3.38548665188331,-3.38548665188331
2,1,1,3,2,-0.617864995710693,-0.617864995710693
2,1,1,3,3,0,0
2,1,2,0,0,0,0
2,1,2,0,1,0,0
2,1,2,0,2,0,0
2,1,2,0,3,0,0
2,1,2,1,0,0,0
2,1,2,1,1,0,0
2,1,2,1,2,0,0
2,1,2,1,3,0,0
2,1,2,2,0,0,0
2,1,2,2,1,0,0
2,1,2,2,2,0,0
2,1,2,2,3,0,0
2,1,2,3,0,-3.81566731955119,-3.81566731955119
2,1,2,3,1,-2.90026932649235,-2.90026932649235
2,1,2,3,2,-1.25753695036243,-1.25753695036243
2,1,2,3,3,-1.9661904866449,-1.9661904866449
2,1,3,0,0,0,0
2,1,3,0,1,0,0
2,1,3,0,2,0,0
2,1,3,0,3,0,0
2,1,3,1,0,-3.48335208506311,-3.48335208506311
2,1,3,1,1,-1.43475957491031,-1.43475957491031
2,1,3,1,2,0,0
2,1,3,1,3,-1.28754851145944,-1.28754851145944
2,1,3,2,0,-2.83187526942251,-2.83187526942251
2,1,3,2,1,-1.28641722873655,-1.28641722873655
2,1,3,2,2,0,0
2,1,3,2,3,0,0
2,1,3,3,0,-4.02799437950549,-4.02799437950549
2,1,3,3,1,-3.8999203573784,-3.8999203573784
2,1,3,3,2,-3.3695007295332,-3.3695007295332
2,1,3,3,3,-3.03947749082863,-3.03947749082863
2,2,0,0,0,0,0
2,2,0,0,1,0,0
2,2,0,0,2,0,0
2,2,0,0,3,0,0
2,2,0,1,0,0,0
2,2,0,1,1,0,0
2,2,0,1,2,0,0
2,2,0,1,3,0,0
2,2,0,2,0,0,0
2,2,0,2,1,0,0
2,2,0,2,2,0,0
2,2,0,2,3,0,0
2,2,0,3,0,-1.39414819400745,-1.39414819400745
2,2,0,3,1,0,0
2,2,0,3,2,0,0
2,2,0,3,3,-1.19857346328062,-1.19857346328062
2,2,1,0,0,0,0
2,2,1,0,1,0,0
2,2,1,0,2,0,0
2,2,1,0,3,0,0
2,2,1,1,0,0,0
2,2,1,1,1,0,0
2,2,1,1,2,0,0
2,2,1,1,3,0,0
2,2,1,2,0,0,0
2,2,1,2,1,0,0
2,2,1,2,2,0,0
2,2,1,2,3,0,0
2,2,1,3,0,-2.58805153774224,-2.58805153774224
2,2,1,3,1,-2.39780665599277,-2.39780665599277
2,2,1,3,2,-0.430230896250952,-0.430230896250952
2,2,1,3,3,0,0
2,2,2,0,0,0,0
2,2,2,0,1,0,0
2,2,2,0,2,0,0
2,2,2,0,3,0,0
2,2,2,1,0,0,0
2,2,2,1,1,0,0
2,2,2,1,2,0,0
2,2,2,1,3,0,0
2,2,2,2,0,0,0
2,2,2,2,1,0,0
2,2,2,2,2,0,0
2,2,2,2,3,0,0
2,2,2,3,0,-1.96760553633457,-1.96760553633457
2,2,2,3,1,-1.17292818924242,-1.17292818924242
2,2,2,3,2,0,0
2,2,2,3,3,-0.458575364899279,-0.458575364899279
2,2,3,0,0,0,0
2,2,3,0,1,0,0
2,2,3,0,2,0,0
2,2,3,0,3,0,0
2,2,3,1,0,-1.69627964211879,-1.69627964211879
2,2,3,1,1,0,0
2,2,3,1,2,0,0
2,2,3,1,3,0,0
2,2,3,2,0,0,0
2,2,3,2,1,-0.912752819843164,-0.912752819843164
2,2,3,2,2,0,0
2,2,3,2,3,-1.78100965278145,-1.78100965278145
2,2,3,3,0,-3.906466753002,-3.906466753002
2,2,3,3,1,-3.801858142871,-3.801858142871
2,2,3,3,2,-3.53519933500283,-3.53519933500283
2,2,3,3,3,-3.51459160742224,-3.51459160742224
2,3,0,0,0,0,0
2,3,0,0,1,0,0
2,3,0,0,2,0,0
2,3,0,0,3,0,0
2,3,0,1,0,0,0
2,3,0,1,1,0,0
2,3,0,1,2,0,0
2,3,0,1,3,0,0
2,3,0,2,0,0,0
2,3,0,2,1,0,0
2,3,0,2,2,0,0
2,3,0,2,3,0,0
2,3,0,3,0,0,0
2,3,0,3,1,0,0
2,3,0,3,2,0,0
2,3,0,3,3,0,0
2,3,1,0,0,0,0
2,3,1,0,1,0,0
2,3,1,0,2,0,0
2,3,1,0,3,0,0
2,3,1,1,0,0,0
2,3,1,1,1,0,0
2,3,1,1,2,0,0
2,3,1,1,3,0,0
2,3,1,2,0,0,0
2,3,1,2,1,0,0
2,3,1,2,2,0,0
2,3,1,2,3,0,0
2,3,1,3,0,-1.28746461424999,-1.28746461424999
2,3,1,3,1,-0.333012659780695,-0.333012659780695
2,3,1,3,2,0,0
2,3,1,3,3,0,0
2,3,2,0,0,0,0
2,3,2,0,1,0,0
2,3,2,0,2,0,0
2,3,2,0,3,0,0
2,3,2,1,0,0,0
2,3,2,1,1,0,0
2,3,2,1,2,0,0
2,3,2,1,3,0,0
2,3,2,2,0,0,0
2,3,2,2,1,0,0
2,3,2,2,2,0,0
2,3,2,2,3,0,0
2,3,2,3,0,-0.382621361039979,-0.382621361039979
2,3,2,3,1,-0.481154777108217,-0.481154777108217
2,3,2,3,2,0,0
2,3,2,3,3,0,0
2,3,3,0,0,0,0
2,3,3,0,1,0,0
2,3,3,0,2,0,0
2,3,3,0,3,0,0
2,3,3,1,0,0,0
2,3,3,1,1,0,0
2,3,3,1,2,0,0
2,3,3,1,3,0,0
2,3,3,2,0,0,0
2,3,3,2,1,0,0
2,3,3,2,2,0,0
2,3,3,2,3,0,0
2,3,3,3,0,-1.67176569748841,-1.67176569748841
2,3,3,3,1,-1.30214918276935,-1.30214918276935
2,3,3,3,2,-2.06023313748034,-2.06023313748034
2,3,3,3,3,-0.735988704177257,-0.735988704177257
3,0,0,0,0,0,0
3,0,0,0,1,0,0
3,0,0,0,2,0,0
3,0,0,0,3,0,0
3,0,0,1,0,0,0
3,0,0,1,1,0,0
3,0,0,1,2,0,0
3,0,0,1,3,0,0
3,0,0,2,0,0,0
3,0,0,2,1,0,0
3,0,0,2,2,0,0
3,0,0,2,3,0,0
3,0,0,3,0,0,0
3,0,0,3,1,-2.05852642134601,-2.05852642134601
3,0,0,3,2,-1.06488138482879,-1.06488138482879
3,0,0,3,3,-3.50622416817315,-3.50622416817315
3,0,1,0,0,0,0
3,0,1,0,1,0,0
3,0,1,0,2,0,0
3,0,1,0,3,0,0
3,0,1,1,0,0,0
3,0,1,1,1,0,0
3,0,1,1,2,0,0
3,0,1,1,3,0,0
3,0,1,2,0,0,0
3,0,1,2,1,0,0
3,0,1,2,2,0,0
3,0,1,2,3,0,0
3,0,1,3,0,-3.06169306966196,-3.06169306966196
3,0,1,3,1,-2.8581509715345,-2.8581509715345
3,0,1,3,2,-3.06762796659232,-3.06762796659232
3,0,1,3,3,-3.32699123717188,-3.32699123717188
3,0,2,0,0,0,0
3,0,2,0,1,0,0
3,0,2,0,2,0,0
3,0,2,0,3,0,0
3,0,2,1,0,0,0
3,0,2,1,1,0,0
3,0,2,1,2,0,0
3,0,2,1,3,0,0
3,0,2,2,0,0,0
3,0,2,2,1,0,0
3,0,2,2,2,0,0
3,0,2,2,3,0,0
3,0,2,3,0,-2.72495348765389,-2.72495348765389
3,0,2,3,1,-2.99360057519264,-2.99360057519264
3,0,2,3,2,-2.54804366414346,-2.54804366414346
3,0,2,3,3,-2.94490292485989,-2.94490292485989
3,0,3,0,0,0,0
3,0,3,0,1,0,0
3,0,3,0,2,-0.191774987831082,-0.191774987831082
3,0,3,0,3,0,0
3,0,3,1,0,-2.75432316348389,-2.75432316348389
3,0,3,1,1,-2.01215287874539,-2.01215287874539
3,0,3,1,2,-2.44993814412116,-2.44993814412116
3,0,3,1,3,-2.39690676360676,-2.39690676360676
3,0,3,2,0,-2.49892355241963,-2.49892355241963
3,0,3,2,1,-1.92780875051596,-1.92780875051596
3,0,3,2,2,-0.659292363988562,-0.659292363988562
3,0,3,2,3,-1.43360520682939,-1.43360520682939
3,0,3,3,0,-3.32632698753743,-3.32632698753743
3,0,3,3,1,-3.41286752213347,-3.41286752213347
3,0,3,3,2,-3.45807270719212,-3.45807270719212
3,0,3,3,3,-3.87697867186701,-3.87697867186701
3,1,0,0,0,0,0
3,1,0,0,1,0,0
3,1,0,0,2,0,0
3,1,0,0,3,0,0
3,1,0,1,0,0,0
3,1,0,1,1,0,0
3,1,0,1,2,0,0
3,1,0,1,3,0,0
3,1,0,2,0,0,0
3,1,0,2,1,0,0
3,1,0,2,2,0,0
3,1,0,2,3,0,0
3,1,0,3,0,0,0
3,1,0,3,1,-0.247293514449841,-0.247293514449841
3,1,0,3,2,-0.938586423287805,-0.938586423287805
3,1,0,3,3,-2.78317806184474,-2.78317806184474
3,1,1,0,0,0,0
3,1,1,0,1,0,0
3,1,1,0,2,0,0
3,1,1,0,3,0,0
3,1,1,1,0,0,0
3,1,1,1,1,0,0
3,1,1,1,2,0,0
3,1,1,1,3,0,0
3,1,1,2,0,0,0
3,1,1,2,1,0,0
3,1,1,2,2,0,0
3,1,1,2,3,0,0
3,1,1,3,0,-2.73481590020918,-2.73481590020918
3,1,1,3,1,-2.69516080106416,-2.69516080106416
3,1,1,3,2,-2.35134412803316,-2.35134412803316
3,1,1,3,3,-3.22838292551722,-3.22838292551722
3,1,2,0,0,0,0
3,1,2,0,1,0,0
3,1,2,0,2,0,0
3,1,2,0,3,0,0
3,1,2,1,0,0,0
3,1,2,1,1,0,0
3,1,2,1,2,0,0
3,1,2,1,3,0,0
3,1,2,2,0,0,0
3,1,2,2,1,0,0
3,1,2,2,2,0,0
3,1,2,2,3,0,0
3,1,2,3,0,-3.26828587889134,-3.26828587889134
3,1,2,3,1,-2.7399943735403,-2.7399943735403
3,1,2,3,2,-0.961573158825493,-0.961573158825493
3,1,2,3,3,-2.37497958016732,-2.37497958016732
3,1,3,0,0,0,0
3,1,3,0,1,0,0
3,1,3,0,2,0,0
3,1,3,0,3,0,0
3,1,3,1,0,-3.18568475435565,-3.18568475435565
3,1,3,1,1,-1.63780483361285,-1.63780483361285
3,1,3,1,2,-0.709420889479919,-0.709420889479919
3,1,3,1,3,-0.231207937341394,-0.231207937341394
3,1,3,2,0,-1.26379351527445,-1.26379351527445
3,1,3,2,1,-1.93820519734468,-1.93820519734468
3,1,3,2,2,0,0
3,1,3,2,3,-0.208425005782787,-0.208425005782787
3,1,3,3,0,-3.61580189072967,-3.61580189072967
3,1,3,3,1,-2.96704519546604,-2.96704519546604
3,1,3,3,2,-3.1105876869668,-3.1105876869668
3,1,3,3,3,-3.08484389058159,-3.08484389058159
3,2,0,0,0,0,0
3,2,0,0,1,0,0
3,2,0,0,2,0,0
3,2,0,0,3,0,0
3,2,0,1,0,0,0
3,2,0,1,1,0,0
3,2,0,1,2,0,0
3,2,0,1,3,0,0
3,2,0,2,0,0,0
3,2,0,2,1,0,0
3,2,0,2,2,0,0
3,2,0,2,3,0,0
3,2,0,3,0,-0.734746847064787,-0.734746847064787
3,2,0,3,1,0,0
3,2,0,3,2,0,0
3,2,0,3,3,-2.01954598518782,-2.01954598518782
3,2,1,0,0,0,0
3,2,1,0,1,0,0
3,2,1,0,2,0,0
3,2,1,0,3,0,0
3,2,1,1,0,0,0
3,2,1,1,1,0,0
3,2,1,1,2,0,0
3,2,1,1,3,0,0
3,2,1,2,0,0,0
3,2,1,2,1,0,0
3,2,1,2,2,0,0
3,2,1,2,3,0,0
3,2,1,3,0,-1.27780304414568,-1.27780304414568
3,2,1,3,1,-1.43025386225084,-1.43025386225084
3,2,1,3,2,-0.710427429482101,-0.710427429482101
3,2,1,3,3,-1.62085422381367,-1.62085422381367
3,2,2,0,0,0,0
3,2,2,0,1,0,0
3,2,2,0,2,0,0
3,2,2,0,3,0,0
3,2,2,1,0,0,0
3,2,2,1,1,0,0
3,2,2,1,2,0,0
3,2,2,1,3,0,0
3,2,2,2,0,0,0
3,2,2,2,1,0,0
3,2,2,2,2,0,0
3,2,2,2,3,0,0
3,2,2,3,0,-1.04823319918417,-1.04823319918417
3,2,2,3,1,-1.1667035284398,-1.1667035284398
3,2,2,3,2,-1.53174766039385,-1.53174766039385
3,2,2,3,3,-1.57656173801015,-1.57656173801015
3,2,3,0,0,0,0
3,2,3,0,1,0,0
3,2,3,0,2,0,0
3,2,3,0,3,0,0
3,2,3,1,0,-0.231427914548986,-0.231427914548986
3,2,3,1,1,-0.570207908914956,-0.570207908914956
3,2,3,1,2,0,0
3,2,3,1,3,-1.46312908050109,-1.46312908050109
3,2,3,2,0,-0.658551208695282,-0.658551208695282
3,2,3,2,1,-0.35591411149791,-0.35591411149791
3,2,3,2,2,-0.382897827812325,-0.382897827812325
3,2,3,2,3,-0.35587189155628,-0.35587189155628
3,2,3,3,0,-2.06329137877712,-2.06329137877712
3,2,3,3,1,-2.44396198940076,-2.44396198940076
3,2,3,3,2,-2.80877901347183,-2.80877901347183
3,2,3,3,3,-2.92548727283688,-2.92548727283688
3,3,0,0,0,0,0
3,3,0,0,1,0,0
3,3,0,0,2,0,0
3,3,0,0,3,0,0
3,3,0,1,0,0,0
3,3,0,1,1,0,0
3,3,0,1,2,0,0
3,3,0,1,3,0,0
3,3,0,2,0,0,0
3,3,0,2,1,0,0
3,3,0,2,2,0,0
3,3,0,2,3,0,0
3,3,0,3,0,0,0
3,3,0,3,1,0,0
3,3,0,3,2,0,0
3,3,0,3,3,0,0
3,3,1,0,0,0,0
3,3,1,0,1,0,0
3,3,1,0,2,0,0
3,3,1,0,3,0,0
3,3,1,1,0,0,0
3,3,1,1,1,0,0
3,3,1,1,2,0,0
3,3,1,1,3,0,0
3,3,1,2,0,0,0
3,3,1,2,1,0,0
3,3,1,2,2,0,0
3,3,1,2,3,0,0
3,3,1,3,0,-0.58704585996079,-0.58704585996079
3,3,1,3,1,-0.587084153884488,-0.587084153884488
3,3,1,3,2,-0.42107233652977,-0.42107233652977
3,3,1,3,3,0,0
3,3,2,0,0,0,0
3,3,2,0,1,0,0
3,3,2,0,2,0,0
3,3,2,0,3,0,0
3,3,2,1,0,0,0
3,3,2,1,1,0,0
3,3,2,1,2,0,0
3,3,2,1,3,0,0
3,3,2,2,0,0,0
3,3,2,2,1,0,0
3,3,2,2,2,0,0
3,3,2,2,3,0,0
3,3,2,3,0,-0.196729915573598,-0.196729915573598
3,3,2,3,1,0,0
3,3,2,3,2,0,0
3,3,2,3,3,0,0
3,3,3,0,0,0,0
3,3,3,0,1,0,0
3,3,3,0,2,0,0
3,3,3,0,3,0,0
3,3,3,1,0,0,0
3,3,3,1,1,0,0
3,3,3,1,2,0,0
3,3,3,1,3,0,0
3,3,3,2,0,0,0
3,3,3,2,1,0,0
3,3,3,2,2,0,0
3,3,3,2,3,0,0
3,3,3,3,0,-0.448095599410538,-0.448095599410538
3,3,3,3,1,0,0
3,3,3,3,2,0,0
3,3,3,3,3,0,0
